state_fips,state_abbr,total_weighted_respondents,prob_cluster_0,prob_cluster_1,prob_cluster_2,prob_cluster_3,prob_cluster_4,prob_cluster_5,prob_cluster_6,prob_cluster_7,prob_cluster_8,prob_cluster_9,first_choice_RH,first_choice_MW,first_choice_MRJ,first_choice_BE,first_choice_CO,first_choice_DH,first_choice_LK,first_choice_ZN,first_choice_JR,first_choice_SD_STY,first_choice_CON_CTR,first_choice_CON_SD,first_choice_CON_STY,first_choice_STY_REF,first_choice_SD_CON,first_choice_STY_SD,first_choice_REF_STY,first_choice_CON_REF,first_choice_SD_LIB,first_choice_SD_CTR
1,AL,726.2080988810737,0.21400986939129282,0.10451760520763202,0.1866955363794408,0.10331023177648763,0.042596379348333366,0.11224229138151717,0.0954285047410057,0.05134306918117779,0.08093219321990816,0.008924319373204249,0.08700077348829774,0.03766580374984235,0.049909889812049836,0.07028717536211627,0.037887333016127886,0.05080241301110351,0.0651226247062161,0.06264102812491242,0.013320751217881656,0.023582120403087242,0.06381493278789958,0.0745624112271068,0.03828626768823092,0.04657766748378009,0.042492774334358406,0.06258350900953236,0.042243487241468744,0.06191750736492333,0.02891907495693082,0.0403824550141339
2,AK,130.63833796477343,0.139841530748511,0.22178417812229934,0.14881396425512874,0.08782737055870161,0.08855899065198666,0.10221007980298957,0.1441191971151248,0.00971485166060195,0.03753411219940863,0.01959572488524763,0.06899308379988689,0.09988272496178673,0.04633935618200104,0.018504800869994505,0.06336716998134266,0.05860275376459643,0.005660970944909312,0.041276398600549456,0.005593352847748028,0.04784665530404346,0.007763379962862279,0.03465641985611932,0.1266268718740689,0.02864740826188355,0.028334394827684475,0.061006599054286084,0.06478558986158234,0.012159579903557404,0.09786393183749967,0.0820885573035975
4,AZ,1160.105247484425,0.17235180868618027,0.11440321657872629,0.12102640534233211,0.14344007310766374,0.08093498175005079,0.1397502336323961,0.05218841793437102,0.038404560926773745,0.08463449432859818,0.05286580771290765,0.04608186150946113,0.05118617831540009,0.03041079529766066,0.12039970471307126,0.05154323450090283,0.039238388952521464,0.011249258523934855,0.05104450912042288,0.05065329835322743,0.0379881825216251,0.056379715584467104,0.07583987041413418,0.0391484429437767,0.07112121270700537,0.04226026207645144,0.024103660338098833,0.06835125697236843,0.04202626839259701,0.05555668163334466,0.0354172171295286
5,AR,412.1819587199606,0.20270060820755673,0.16396866397448295,0.11393624349538935,0.08410199487883842,0.05413695693888265,0.1351332158288167,0.09871017441202212,0.053657264099430814,0.06684442708702486,0.026810451077555184,0.06339036778668287,0.07540492962229416,0.013686019018515752,0.051196658515321326,0.02486750018792596,0.05888891994115675,0.036964324045382066,0.07226083737369533,0.03149133525901696,0.02424641016594813,0.06247704422283385,0.022471129672084547,0.07861204340473008,0.03397989609636879,0.03611683036662186,0.13322209038032357,0.053147228043764934,0.08325602578448586,0.01552691147044601,0.028793498642401213
6,CA,3966.1722756498943,0.12176687401019046,0.178026758698495,0.17574179815537525,0.08290218124656752,0.11757951358878774,0.09658607385088834,0.07714694539104257,0.05182695089301483,0.04173040152650292,0.056692502639135285,0.037477152762805645,0.05947039559881179,0.052171637691234854,0.06342876036668606,0.06334611355584403,0.034595776579798544,0.04434720010063872,0.03133983155068731,0.050686358153576944,0.04471015888519176,0.049188495856010664,0.044548184455483225,0.04186057279906496,0.05312193427175064,0.046053915120771574,0.0783852302208653,0.05246418419090642,0.037494603879210636,0.058506795201072534,0.05680269875958843
8,CO,827.2852966943861,0.18910670262701276,0.1552328681613026,0.1047032810659465,0.07883453227166187,0.11206718727423697,0.13246302003280072,0.04851262107986626,0.04485300019982803,0.058066326287839254,0.07616046099950477,0.07198275734893302,0.04136553640094776,0.034935695878961046,0.05475243808685537,0.06942211226034214,0.04939469820422471,0.012946768227468456,0.05269682555403269,0.061187443967156765,0.030702484391645857,0.04798182324562295,0.07850039833434842,0.06673002828319873,0.041427588138146884,0.022445691162439864,0.0694983490387552,0.04471033666295303,0.044545035177792645,0.07386260428969015,0.030911385346484254
9,CT,484.15451790141344,0.1737398086508952,0.14933139141690074,0.117519803509175,0.07056862349830512,0.1301957980613432,0.10655903095479449,0.08375131388033577,0.05506605066691686,0.0437822970412402,0.06948588232009333,0.07133212059729957,0.057504978204720725,0.08400885258794792,0.041840151202932496,0.09233349991606633,0.05511390575431923,0.0445759942399511,0.030356696785858943,0.04159826119060674,0.0390796563486865,0.043941051805435886,0.050567784970846276,0.0348367983144368,0.023708403839858908,0.046867670639037164,0.026380822407066774,0.02163831998261548,0.03791379304332348,0.10354480413639652,0.0528564340325932
10,DE,216.9502428906061,0.19449754482719675,0.19752425057777825,0.10065841401322832,0.06235941695242482,0.08409332150759818,0.07068699318812852,0.10748870970336172,0.11644643197528778,0.03321602874883392,0.03302888850616142,0.03949678478175428,0.07645200271080102,0.030143178275400025,0.041000648092756393,0.04812463235264573,0.05666408015689508,0.02967008462621195,0.008192691901670011,0.024494439743910145,0.06353304645736518,0.08186896389499927,0.05641178044332119,0.02246140347639213,0.03550840699704713,0.15363299135822922,0.05376860472175321,0.00823194428058812,0.0052894868778309186,0.10196773612531798,0.06308709272511091
11,DC,117.35734890789057,0.09214338380169536,0.21947002765074833,0.09107690237515563,0.001338107855129681,0.20656132599727825,0.06324484706118738,0.07939233343488544,0.0328215599638033,0.10860111170634042,0.10535040015377602,0.029929538119010016,0.0218360746968143,0.10891809550469667,0.0,0.08765050070352676,0.0,0.03807418666685609,0.09344948958005987,0.10083781965712589,0.021211390153615565,0.01875989405376334,0.04466859965847756,0.0212483926358422,0.003316384822355599,0.12401967873630457,0.056722344010703314,0.022122740231398846,0.020635028581443247,0.10811625561877196,0.07848358656923424
12,FL,3184.133278566863,0.18732610034137273,0.1436049463413344,0.17684529122695855,0.06590703077971587,0.0638480100780988,0.09686274229535301,0.1275331219771146,0.05292674064562343,0.06477231792863565,0.02037369838579275,0.04783717574887369,0.04690980512137085,0.08053868335047144,0.04156900321555481,0.0342265859023207,0.043695377958164736,0.055277853687985386,0.05130499682511447,0.01968571431133979,0.0442819464087197,0.06893978809598736,0.041702448333714136,0.056327284924355354,0.04976207902930016,0.07238320590985507,0.042666292292715964,0.04120171356380178,0.06810893400082954,0.03519900856478055,0.05838210275474444
13,GA,1472.3908250832314,0.1854153116276501,0.16308445993572876,0.17120656454213182,0.0741349891001527,0.08626191909041724,0.096161569256301,0.1181168105539972,0.04985969367961807,0.032859545272296536,0.0228991369417065,0.06551284992775193,0.06832517611720729,0.04274061354288822,0.045884303780746656,0.04969615592217258,0.027218366514362314,0.05195290140772664,0.0208342648511743,0.016255787464244085,0.05519114351066492,0.0603869097941433,0.050618147311649396,0.06292922115929016,0.0491878917330061,0.05298875792226485,0.06455793468929209,0.03472012534387874,0.08138650287072169,0.03741318215222405,0.06219976398459074
15,HI,203.14709000166366,0.17108405849938496,0.23147354641719498,0.11038188953400474,0.03539291021132822,0.15478440131547624,0.1072756776172039,0.05424136985515535,0.09074132814442311,0.024620781399219263,0.020004037006609195,0.04773209140493019,0.04981332046809675,0.017441964711427137,0.031237709312655078,0.07042461058677939,0.03903894958675478,0.08955423824366933,0.02013484711579879,0.004336340511820348,0.11232648120050409,0.03876805905882354,0.023344351526430607,0.09584122225108087,0.07401313364318099,0.051734833362975116,0.03654651289717176,0.0031760306113521007,0.06600480403432993,0.08273123355015576,0.04579926592206346
16,ID,325.3257376171863,0.20463126520678573,0.09963089124335596,0.09876664136983487,0.11802022446045173,0.06771348154331189,0.1682708938292832,0.11596533728371589,0.032011284620680654,0.06327144299049374,0.031718537452086235,0.07676584291835434,0.032274323584092386,0.040076198100803484,0.054952006860904345,0.042941335056889594,0.06261116840836338,0.0663896879673505,0.05518867884268823,0.03134117150743768,0.05642202331161078,0.0780174827370354,0.08588757704751249,0.045745341425980954,0.022455689911084764,0.032128668365434036,0.04206536286457954,0.045142606496612406,0.06695058308397095,0.01831653371502738,0.044327717794267335
17,IL,1460.3318361668644,0.1694762314632719,0.14751637888936087,0.11122412586928143,0.07031022576289941,0.10912528356107526,0.09711397398545024,0.10621777000861982,0.06590167285406419,0.06060214443856429,0.06251219316741254,0.048841516623512646,0.0612948879177305,0.04098779245291236,0.057173929013311836,0.06208199842365079,0.03974471237385883,0.08520153446145314,0.03258051393589912,0.05901332470128132,0.03630898716289836,0.07080540502923159,0.05186398264954418,0.04599818826194877,0.03269917477561473,0.03749540807160354,0.03906476823465191,0.03469177881534561,0.0458771412484933,0.06552002043066249,0.052754935416395136
18,IN,994.9890932957763,0.19892570421824254,0.13636087916115552,0.13516936118677372,0.10344310424846466,0.07687500326701606,0.11049083235029818,0.09935432945830594,0.05382922066793847,0.05018115831488827,0.03537040712691661,0.07443540340502745,0.044516614764390144,0.05205728542596536,0.055643295558831816,0.045209417150923144,0.046251791129617775,0.04864989036653906,0.050567442268331916,0.03806961795382107,0.034811136003114355,0.05709631428459376,0.038463403007067895,0.05033354693184607,0.027486147704723986,0.08469149634773875,0.02850388037699451,0.047312153768260215,0.08590339711036815,0.03646150534493794,0.05353626109690664
19,IA,446.7912192181343,0.1851035748871191,0.14245954265550112,0.12618605839049882,0.10517091814089673,0.06169812839022732,0.10993831935396098,0.12063546253063327,0.0551372914626021,0.06446609449542472,0.029204609693135538,0.04350029400237635,0.023258333366902327,0.04356577146690785,0.05709642424368492,0.04082356045453677,0.034787494905248045,0.06991148666063406,0.05940837264924869,0.024515597439764204,0.019373390529215488,0.09376978771130944,0.05428332166165131,0.0998933191775988,0.06948430577863696,0.0831427250808331,0.043447406680536114,0.03824966582357375,0.02094274038342595,0.033307129569685005,0.04723887241423067
20,KS,372.6996859218709,0.22446507011734318,0.10596213308116399,0.14493820019306228,0.08775738281608654,0.10685749925847142,0.1129607332276942,0.08264991536247564,0.021293984312756982,0.06904442910607443,0.044070652524871176,0.07924235404137972,0.041916965657437626,0.07753920235937534,0.042717089477947175,0.06640207666744008,0.028903150421722153,0.032659956148038106,0.05490969693599938,0.048145200124443066,0.010191008470927332,0.048896441321956655,0.08709881354411164,0.06445735972218217,0.0487320211405397,0.0794099997827336,0.0551148519400636,0.024164268344606086,0.048952117888842954,0.036125192183379715,0.024422233826873845
21,KY,717.9252799112746,0.209003631360063,0.1337945980884959,0.14331458720242984,0.1087827235927458,0.05923365178830753,0.12367712866425966,0.0990247600465002,0.05185857215303708,0.04607041760325513,0.025239929500905697,0.07360137120263237,0.06235735375102085,0.028126041749259943,0.07777498441800455,0.04977216208568208,0.08505606712020697,0.05741947347622617,0.036064099829522585,0.024131982925720566,0.017929970333798166,0.08476939015680669,0.06173338278348691,0.049313776702820215,0.054272251141475915,0.041894121588968374,0.02905882941387773,0.05833944310554976,0.04291024881364867,0.014814303972923755,0.0506607454283677
22,LA,508.4085817640956,0.19994036467489726,0.10549893831331408,0.1814434686659227,0.11725177546274677,0.045056229733150654,0.08350959929645116,0.14513511072845314,0.047869656481208486,0.03384045810708984,0.04045439853676584,0.08087862316247466,0.036743104554206485,0.040768184519059246,0.07948781116066414,0.02690434263864624,0.024537139698001333,0.016539953821296645,0.016084404158721706,0.04063577449527849,0.0350935677936587,0.10627366702190628,0.05022677325911717,0.06273747915820034,0.07580419078192989,0.04482477799184397,0.019145257387241744,0.09033260335573655,0.050553149441738776,0.025238328271996298,0.07719086732828144
23,ME,243.15825432865347,0.13627169928320618,0.1479276504246746,0.08979900147531426,0.071515022923328,0.13464629505629583,0.1473827701274051,0.07705023713443568,0.05176007829161887,0.07410430760383982,0.0695429376798816,0.05245287605631301,0.04215658818660249,0.022103627457804816,0.059769799852135944,0.11392829809364673,0.10552088508727554,0.02471777139193236,0.0505804965926035,0.06204722980034065,0.053227903804265,0.03629071451759249,0.041154563549217045,0.040872923046952454,0.02160335796914542,0.040130202484920614,0.02831436592631545,0.04532262087540153,0.0565154008710196,0.051671153026612564,0.05161922140990285
24,MD,782.1392251325467,0.12924431813665244,0.17333833597108028,0.15313481656063535,0.05980420392820076,0.10175377624174871,0.1114442462153964,0.08228585229321687,0.06308555066448329,0.04249874873948778,0.08341015124909797,0.037100906995399786,0.04574294996582145,0.08088115667207718,0.04168737943253964,0.058985516218263784,0.07392551654301814,0.0361397751778925,0.03709161995605649,0.04681766996074808,0.0921503983420678,0.038027149637441325,0.03591539641345182,0.047309826034626516,0.02063358685412281,0.04146672157605793,0.07956899821615838,0.03178143364123342,0.038276522800174136,0.07603793448363162,0.040459541079217176
25,MA,790.9676385842274,0.16071855092603785,0.1713470125723615,0.1124387123351679,0.06648887059408312,0.1306130543599223,0.08074429001337714,0.0533921385352189,0.06156622446605848,0.0760755595849766,0.08661558661279599,0.04919567284810093,0.05747705726107238,0.035765740117033144,0.03701972353415843,0.07166590666500387,0.032817580639493554,0.03222520552316157,0.07558592636227315,0.08005869425354398,0.032197528265942944,0.040510485496165885,0.06120422866135007,0.05453223414409776,0.05121585698004107,0.041422220832417624,0.03963892711192459,0.036086822160608246,0.06257139730271981,0.06320709966110441,0.04560169217978648
26,MI,1329.584123339628,0.20749943670358936,0.13312363762943943,0.09994050279332223,0.11290586273490309,0.09694374524327366,0.11438237301639446,0.08059122472652577,0.04367322730533406,0.062316268010565036,0.04862372183665272,0.07168583283177205,0.04899081769042919,0.03962533082981513,0.08784009985966375,0.06997099509980582,0.044752710089745185,0.029053850186362046,0.03492841517126331,0.03820575449945494,0.04674236523100524,0.03994421884765208,0.08699231679387708,0.03250821254361549,0.05115410916943417,0.04327433586750856,0.029530667851249977,0.03875626297194395,0.06048336675101414,0.057952932629226676,0.04760740508516124
27,MN,714.0147451905302,0.14898233312684017,0.14405837276603714,0.08189010159102578,0.08218313633662191,0.13635766637752839,0.12177046743922418,0.07224634713420063,0.07303221460392828,0.041230896988083264,0.0982484636365102,0.04076228140223413,0.055356112084032114,0.014532538393223627,0.06150057958524582,0.06367909432748989,0.02995368751777704,0.033138717666890354,0.044290688388296334,0.07095996589050378,0.06648440630585553,0.04219347448740074,0.06095321837150304,0.05935902592946074,0.033939809926081026,0.048783078381301255,0.017520265118121228,0.08302404743403732,0.03998925181076431,0.08537105388734774,0.0482087030924341
28,MS,444.2501713864426,0.18223941305599736,0.12725330243678493,0.2647117805377931,0.0765180124546201,0.03216753316545722,0.11351915763644388,0.09168282544312965,0.07614884524737388,0.02845978830381411,0.007299341718585738,0.0487659205743194,0.059305670158037,0.07154696186685792,0.0273688883713103,0.0424567336295867,0.03725131248398611,0.05315147733442623,0.037904773540494825,0.004474474680985014,0.040135838801163295,0.04131423837531558,0.05706081926309991,0.08709773836285414,0.04035622822657616,0.04491424310580457,0.11853995761482775,0.030867731006077485,0.10462760453328869,0.007669592083602629,0.04518979598738635
29,MO,950.7300393248061,0.19808582708266967,0.14148109155270389,0.1672368130881573,0.09879987917307202,0.06729533482332442,0.09819776651644699,0.08855895087442124,0.037278060298496236,0.07468001979555336,0.028386256795154784,0.07782397691433923,0.02191752940443783,0.049445411844619515,0.06295605792647115,0.04876122046344464,0.04218412963285814,0.03556431654429936,0.05570300107960105,0.018115690507151467,0.056858185102315585,0.05021523055595255,0.07191347890850938,0.0558250465513237,0.04548728526289108,0.07350959560769696,0.054956652378624946,0.04712121737782749,0.05246970384698448,0.03644937077069784,0.04272289931995364
30,MT,257.38114259017533,0.18128630096008816,0.13920585444643216,0.14428481161559073,0.15624032915053004,0.10211828574630755,0.08197134311655674,0.0967638866915935,0.01606763647976912,0.050079381922579214,0.03198216987055256,0.054840547983690056,0.008207259955631594,0.041176923095040736,0.1035640719801602,0.10107439738122609,0.05165670799660137,0.04825097927085376,0.049087259363330096,0.022367793908657885,0.04682226751364798,0.03621844880743748,0.027220358114514783,0.06736996450577017,0.056826675002838695,0.07198637449655299,0.06102333734796599,0.03402155879227666,0.04009809803983378,0.0497504641920232,0.028436512251946426
31,NE,295.9094025556517,0.17323830229952708,0.15469178617223237,0.1402619561295496,0.08111044776040151,0.07026431537895515,0.11109641548513928,0.1343053730558164,0.032798167657865446,0.0796331068698247,0.022600129190688583,0.05295193948479295,0.06234682048028084,0.042270722838372764,0.06954133297500988,0.05254128313136127,0.07787368708194198,0.04559870824634876,0.06530979073414452,0.008721259512931389,0.04441069929015511,0.05578635646611795,0.07887849267482956,0.05071494062287735,0.0366613919323874,0.055533394705210126,0.04016399985087651,0.02267736081429952,0.06307419563443589,0.05490169385666468,0.02004192966696177
32,NV,707.5349642159226,0.17790189693195413,0.17399798873040404,0.17054103491380368,0.08927410737956563,0.08197785923446113,0.10016051750223076,0.06020447763462698,0.049908472812338914,0.05060769781883115,0.04542594704178355,0.043965476757741505,0.03633297216969908,0.02666432642455209,0.06354747541003165,0.059066911116673865,0.055423414523051245,0.03941339321617051,0.051770556993273806,0.05168297446986423,0.06556211074566336,0.05399666010934831,0.07795334039639422,0.03842305550685979,0.056187099755250505,0.036389253176499214,0.08923661817719698,0.04168197475781304,0.03339515627957787,0.018066837038913666,0.06124039297542518
33,NH,264.70182867427593,0.12145624656423418,0.19333155827129647,0.086064009371579,0.055871440624858486,0.09380505435493498,0.07854548779038299,0.10108577273258187,0.08539694593245668,0.10305172767915803,0.0813917566785172,0.027646091595046097,0.045485835433964145,0.014331612099787299,0.04147681521607062,0.06908303280826648,0.015632549248052744,0.0486632136997233,0.1134616800641801,0.05278726372120752,0.03545986656262525,0.024506147667046212,0.09778251502206246,0.03367576226886952,0.015728681567098547,0.06267637382407985,0.06515069072464544,0.03942600391216214,0.057651233446920386,0.05590086825154301,0.08347376286664898
34,NJ,1162.212189890641,0.16719476629850108,0.1511118467765934,0.10572941126596605,0.08457812396645736,0.10648246756306706,0.10172411665284582,0.09168512289851456,0.05842843379749055,0.06327554878531493,0.06979016199524905,0.07059172993477325,0.048972046088917386,0.025510156227615263,0.052385021307327875,0.057302272430759305,0.024616624262070112,0.03556505424600305,0.03135983754629872,0.057310666279523886,0.028065899870031313,0.040737845055555576,0.04915389831309418,0.05642522308733078,0.05786377004075468,0.04586214834600817,0.060281437404941594,0.02861526228125393,0.06364027633259392,0.10149419477225463,0.06424663617289247
35,NM,415.09744284088754,0.16458434489665058,0.2114244576839569,0.15264702727633356,0.06320845555767315,0.08764359233913645,0.08855010493976398,0.09282302707216562,0.0448512255356518,0.05006479096989188,0.044202973728776004,0.07398763470705386,0.06518256194821014,0.039912056130637794,0.04588097394524386,0.04936659041547633,0.015376711844737637,0.08482331531052904,0.03775865957092857,0.05260477503376536,0.047706568307347444,0.034849968352240954,0.03603148873090192,0.0507880509487141,0.03286115345672376,0.10719718766099029,0.06584007279709339,0.028932633557954814,0.03556421066880323,0.03098117445652302,0.0643542121561246
36,NY,2314.4361487307797,0.14238669427286663,0.16838300722744146,0.13390827043937492,0.06368187507219253,0.10162042088890187,0.09906413596541859,0.0932935147872337,0.06647913160541696,0.06965649104989192,0.06152645869126133,0.0501763662406866,0.05164702852074078,0.05362891469936807,0.04442034129224461,0.05698641172952854,0.037637560939611875,0.046711878056310954,0.057817748318546386,0.05827149489496007,0.03683826099886433,0.048010354239091044,0.052895089102521664,0.03359887990461942,0.04498104934753898,0.06281446425363393,0.05070647266200035,0.04273185821447358,0.057867986007433404,0.06600806094955143,0.04624977962827398
37,NC,1455.3543868417394,0.1964343735762496,0.12670139330351865,0.1412345390691998,0.09717336346777145,0.07549828157115725,0.118503196286955,0.07851314753484702,0.06298979193908374,0.051286358272651725,0.05166555497856563,0.10172286440375995,0.0467098341248332,0.035836675247219736,0.06941422854104068,0.045810630620617125,0.050168264934913394,0.03968764268102684,0.03603748911866696,0.04477996028903302,0.03833617846629762,0.04894499739159439,0.0697959507350926,0.06054149200422945,0.03318980678120254,0.054785740933985534,0.03690802884459122,0.06234645005097466,0.052405446421654754,0.04242328685164784,0.03015503155761852
38,ND,112.01903649032609,0.1731382178938602,0.1718164723732826,0.09447881225115919,0.052314794826818584,0.06620735106562113,0.18895814754747245,0.14387376467049257,0.05148720863807505,0.028330707879741283,0.02939452285347683,0.10569216146736747,0.09381687279243948,0.024945886815618896,0.01872837144088563,0.03286879539233528,0.12603459786039312,0.05192684610383513,0.04270187539929856,0.020221206472993795,0.049020441537377085,0.09902963372151005,0.012935955144735872,0.061854011851663816,0.02883921178462133,0.0027521176129772507,0.047986433423278574,0.041605550063923996,0.05636459571872635,0.05303687443694369,0.02963856095907467
39,OH,1727.1453712960188,0.19889036871077048,0.12337886718274836,0.13372293935481924,0.09607045618142443,0.07707915904542641,0.11560648054012039,0.12264060766831589,0.04856211854122566,0.05443088765854584,0.029618115116603064,0.06213399817839325,0.03743961254042876,0.04149857172637667,0.05279341919144491,0.060941861375112906,0.04463404643077247,0.05761663533672874,0.03624265051997173,0.018037239381868134,0.045082792985406385,0.085841194470676,0.07522916441396543,0.06402058613867118,0.03750421240582858,0.0636600599947468,0.028455708661911716,0.03945158208940441,0.06697289174212936,0.04404576166453738,0.038398010751625064
40,OK,606.2032476806337,0.21993886812596733,0.09133108447790962,0.13023243707271173,0.12108949541383139,0.06791354114051001,0.12556081138734085,0.11442589417946826,0.05202833548740446,0.06332564484261166,0.014153887872244565,0.08644474290761514,0.018257549468124593,0.04462206131317929,0.07287236768435186,0.05130092220500643,0.047381911409490364,0.04378868587040062,0.05491937986878972,0.011534584597713522,0.01546708384654133,0.08257366711845153,0.058575040924063265,0.0650866949870108,0.010036989057925378,0.04501487806212501,0.024329363524943717,0.0964606204900594,0.04127248353668399,0.07321000307280387,0.0568509700547202
41,OR,861.7255247612022,0.12784489160672205,0.1377755149512359,0.0850159888488105,0.12910807510079925,0.12721852258217028,0.09583285924650799,0.050398349609230675,0.03147977754726067,0.09958061743553932,0.11574540307172322,0.04559403987701571,0.0688189718464798,0.02259159666198708,0.0943369551286559,0.09357604975890035,0.04471411225754825,0.017095539019390437,0.07248172784056901,0.09869155740276811,0.037415747932067915,0.026028871877963055,0.055010351893115074,0.030773407696203813,0.03968991675566967,0.035337679411741936,0.02041408758689826,0.04080811942199326,0.05786544488049837,0.0569446910653966,0.04181113168513743
42,PA,2189.525528188798,0.19589433648494822,0.15231030591378025,0.1103207670586987,0.08134732081054499,0.10642637934938276,0.0979387879365827,0.07718483421226931,0.058849096971039114,0.05836215131684736,0.061366019945906444,0.06338939403671524,0.05010609501431837,0.036138798321451386,0.061178420105748144,0.06027913584415713,0.044298833440634844,0.04440544567950726,0.04023312440383394,0.056529672363294016,0.034963586286019914,0.04405756648435659,0.06996377116858223,0.04663259795487545,0.04924888778887212,0.04045114640675461,0.04336957783083902,0.028667417127868005,0.06083138086230312,0.07302877526991255,0.05222637360995609
44,RI,163.32349721252046,0.1379976439869844,0.18637828425430564,0.12168955558422608,0.05272773233956452,0.15729971443192994,0.08988200983653494,0.06181620818152778,0.05169978755383732,0.07602663007752103,0.0644824337535682,0.06715728391421794,0.04347732934687273,0.039615450212020197,0.055689583144703216,0.06474412209046267,0.029346647035871833,0.03013893227795269,0.0975970023658123,0.046290062890801224,0.1023655104526967,0.017323385200965293,0.03534529480597872,0.050629063322525016,0.015316562888747215,0.04980572210114393,0.04378429859686492,0.013011606779910498,0.05814485426026469,0.08685030209876757,0.05336698621342065
45,SC,730.2873741362401,0.20429247181755808,0.1460414558624158,0.15150028796063017,0.10037719732893356,0.06714548837215957,0.10741690523772228,0.08546992851293903,0.03881345385689055,0.07785776749428709,0.021085043556463717,0.069280144761155,0.03356721426971193,0.08806561744087023,0.06783603614043637,0.044731302294038176,0.06211152841987888,0.026434734778070627,0.06668180277282858,0.018903905341305836,0.029126668055030693,0.03611732220264367,0.056628047377311475,0.042217796530417344,0.046449662293449635,0.06568726185382134,0.05539207502269617,0.03688372970452669,0.07211191878759036,0.04564303870103715,0.03613019325317983
46,SD,141.47968207446456,0.17713332942872745,0.106538425288778,0.15713624467859028,0.11134418950068449,0.06696443948671668,0.10312237226526295,0.13862512689050854,0.054180012065184496,0.05399695575870123,0.0309589046368459,0.04720617866153148,0.020214835683156053,0.1322658059754128,0.08442974650250493,0.030742512204497488,0.021307184314605366,0.0323622291962299,0.04767305209740011,0.018098729120470728,0.04249852435832586,0.05074760827326387,0.06088131499848369,0.05088033433299692,0.07822152682437786,0.048769933944668824,0.05445222296749643,0.040116820935018595,0.02984517904870716,0.04173283676359378,0.06755342379725833
47,TN,1143.4242417308235,0.2759293791137572,0.09258259536369945,0.12869560516510342,0.1327659456738824,0.0408765592153373,0.10031665099437498,0.10467143152373701,0.05304357836356796,0.049150346722716835,0.02196790786382339,0.1090209203247928,0.01965394187925847,0.04042061153683992,0.08001183433697792,0.03312127819358151,0.0631499418388466,0.05424148942522496,0.05124905652475746,0.014063373557437892,0.03708835606709792,0.07354978124539158,0.06011183405630733,0.0814754783073301,0.017159267666241165,0.06443619266633537,0.030616131360332782,0.03206577002925133,0.07953633131816451,0.022512124434010548,0.036516285231819885
48,TX,3555.0723528383005,0.18848924052160212,0.14272610370818783,0.1918199359991485,0.07745010102724938,0.06150129157747221,0.09059322786100446,0.11369250919330688,0.05037148907430509,0.06554749101726487,0.017808610020458394,0.06716554388135756,0.03688164201065608,0.07598480548627028,0.043926197527203774,0.0348241065753131,0.03943479656489024,0.04710077480631967,0.044551907237663606,0.01613817897145426,0.049428951124899784,0.07901448561993678,0.05906556334016013,0.060911591460529074,0.042387700177260616,0.04487209871541176,0.04309922891729849,0.040584380046563145,0.07022308693673962,0.04794293878310621,0.056462021816965725
49,UT,462.14033775990276,0.13348391281885394,0.16928449336789483,0.18205731580636936,0.08433024909724349,0.06827145860680814,0.12288549060965352,0.1072168004382353,0.03253253940087948,0.07466523337996245,0.02527250647409933,0.0400440634045227,0.08256483077148304,0.07538009495833356,0.04914151949239854,0.050849426110962846,0.05181635506747096,0.02524395721426368,0.027822281993089355,0.02074677773614843,0.023296931358298197,0.06560874891133875,0.03409492343070157,0.05060029798885134,0.049709908160536304,0.027822849308887853,0.1112749425142796,0.02823872809251871,0.06350501902357557,0.05884916286991928,0.0633891815924197
50,VT,107.66981767451233,0.12417348679308005,0.1375937667525224,0.08165685537115674,0.03500770805062681,0.12195734772023126,0.057750198776262994,0.07958668128269138,0.08467409249087833,0.06104273846865002,0.21655712429389973,0.04620624921733393,0.0412961288059931,0.0064359738245754064,0.02697225128110234,0.16510182364686934,0.013946897735731087,0.045185033894506475,0.033897400354182115,0.14050628965718337,0.008184885649660429,0.0038223431884150346,0.051050962830846106,0.02901129200949263,0.013831173599292881,0.023628626172396926,0.06638316692444492,0.037415688573012466,0.10612621629661471,0.039816304896479186,0.10118129144186754
51,VA,1326.7153253861266,0.18035315682808828,0.1661645572093244,0.13252647325167952,0.09101939263873574,0.0906336116333327,0.08763690071531018,0.08782836208038432,0.04043773362859461,0.05650424199373624,0.06689557002081392,0.06469061229689464,0.07656132785777608,0.026753665899589975,0.058289814752926654,0.04947753252685187,0.02500468329759938,0.03391938894300257,0.03760283849598388,0.05782606708940516,0.041843873625532636,0.0573834491562965,0.0628633341244745,0.05459237977268808,0.029908078022856253,0.05988357055977515,0.06843957050814851,0.03633072291339867,0.0606967327899181,0.0569388740079985,0.04099348335888298
53,WA,1221.7758385722857,0.13240149109520757,0.15935631461231092,0.10236605937249423,0.08369442774811775,0.11779351238245443,0.09128093493235052,0.07525456516900149,0.05870310076804367,0.08949646741339264,0.08965312650662667,0.030492278405336547,0.06338979182021212,0.025060128646563377,0.07409376083683337,0.06368994910469887,0.03513856444053071,0.05792631603410773,0.0673509670404357,0.08130273738628925,0.042785747556353296,0.04556746932201323,0.05169399621037798,0.05439504977283727,0.04321102490231576,0.04161372220867485,0.028985391200859835,0.03463646376055499,0.027148295669859424,0.07733691816366783,0.054181427517477905
54,WV,360.2592516454194,0.20704278003948062,0.15699593569289136,0.16141012318609013,0.0899001833378914,0.05080197946905454,0.11883739443523943,0.11076406792087999,0.05308523617996143,0.03507666365556979,0.01608563608294125,0.11890613254352116,0.01972403044875987,0.02545820267640076,0.04225535272412627,0.021589837256866747,0.020552373058357245,0.036843555429654104,0.03910291407901808,0.01476804186372682,0.06254119223664507,0.035890643302587594,0.1063761467301045,0.027228720766593852,0.08087781981418701,0.04093984710842882,0.07566122308722319,0.08591754773792862,0.05770177813649547,0.01745905691602544,0.07020558408334945
55,WI,969.409978341477,0.19551048814753225,0.147886184861648,0.11637739595472457,0.08761828439024992,0.08356130675895124,0.11901342397914753,0.08229901242416603,0.053967244841946,0.05447441533062356,0.05929224331101062,0.06509701197507413,0.05603435218606341,0.025506948550941717,0.0662848862632012,0.05991296781088378,0.041861229935981265,0.04683406091481957,0.041041804528398,0.04583022610371442,0.051418928739117006,0.07219657758340212,0.06159191116554714,0.09430871138210375,0.03550703131510821,0.04497045580943935,0.025710182712674504,0.04742928666198526,0.05036813486362484,0.040265795744947645,0.027829495752972538
56,WY,98.29821185117127,0.2331378510899028,0.10623695963643029,0.11133820348607802,0.06386065013545927,0.08681212630428548,0.18692789572754287,0.13686988576554485,0.051583640508712024,0.011961559854651953,0.011271227491392699,0.13014287941297725,0.04548626223154436,0.011296866184692559,0.04385264444247972,0.07225892645693992,0.04291354824899489,0.049107473385889854,0.0,0.0123390180369903,0.06959502597726189,0.05702666421294248,0.07594260311048764,0.04121274355663692,0.15031504336501847,0.0,0.04441238307631639,0.0,0.05144979714738659,0.039984783716404716,0.06266333743703625
