variable,domain,type,stat_label,question,overall,CON,SD,STY,REF,CON/CTR,CON/SD,CON/STY,SD/STY,SD/CON,SD/CTR,SD/LIB,STY/REF,STY/SD,STY/CON,REF/STY,CON/REF,CON/NAT,LIB/CTR,cond_chamber,irv_chamber,cond_bloc1,cond_bloc2,cond_bloc3,cond_bloc4,irv_bloc1,irv_bloc2,irv_bloc3,irv_bloc4
CC24_341a,Taxes & Economy,binary,% Supporting,Extend the 2017 tax cuts,62.9096,85.1391,48.868,60.5274,75.7089,81.8411,68.9803,74.8022,52.7343,66.2491,62.6284,40.9353,67.3591,54.6977,70.5616,70.1084,82.2157,89.3758,50.3571,65.2082,64.5599,69.3374,73.8889,54.456,53.765,84.0738,72.7777,72.812,51.0997
CC24_341b,Taxes & Economy,binary,% Supporting,Raise corporate income tax from 21% to 28%,57.6828,38.8283,80.3757,53.4382,33.5886,44.1883,57.3377,44.9645,71.4432,60.4662,66.7126,85.5513,44.5059,66.9069,47.4817,40.9111,37.204,23.07,75.6559,56.8058,58.4402,41.9192,50.3218,67.4653,74.838,35.6489,43.8783,53.476,73.6649
CC24_341c,Taxes & Economy,binary,% Supporting,Allow rates on $400k+ earners to rise to 35%,65.3484,52.531,86.3894,58.7368,37.998,56.1224,67.6149,55.1374,77.2198,70.1645,74.2246,92.197,49.4043,72.5631,56.2067,45.6485,48.0258,30.4926,83.6267,64.6611,66.6921,46.7017,60.8892,73.1363,81.7589,46.8083,52.0778,64.209,79.7579
CC24_341d,Taxes & Economy,binary,% Supporting,Spend $150B/yr on infrastructure,80.4546,78.4184,90.7076,70.879,61.252,78.8882,83.8932,75.2519,84.1324,84.8186,85.1863,94.0717,66.5469,80.7933,73.9528,64.8034,73.0968,66.874,90.3274,79.0396,80.9355,65.2923,79.9281,81.2043,88.788,73.7283,71.6176,82.3791,86.022
CC24_302,Taxes & Economy,ordinal,Weighted mean,Household income change past year (1=Increased a lot … 5=Decreased a lot),3.1199,3.2872,2.949,3.1641,3.4277,3.1903,3.1365,3.2355,3.0203,3.1111,2.9896,2.8173,3.2827,3.0565,3.2143,3.3305,3.3308,3.4148,2.8234,3.1373,3.117,3.3171,3.1806,3.0521,2.9364,3.3303,3.265,3.1502,2.9768
CC24_302,Taxes & Economy,ordinal_dist,% Increased a lot,Household income change past year (1=Increased a lot … 5=Decreased a lot),3.03,1.16,4.0,3.28,1.78,2.9352,2.4252,2.0504,3.7612,2.6391,4.935,4.44,2.605,3.64,2.4157,2.3334,1.3522,1.1453,5.276,3.0164,2.9781,2.4095,2.4576,3.6549,4.5775,1.2677,2.1842,2.6308,3.9906
CC24_302,Taxes & Economy,ordinal_dist,% Increased somewhat,Household income change past year (1=Increased a lot … 5=Decreased a lot),19.74,12.07,25.75,19.94,11.67,14.3239,18.1644,15.3754,23.8234,19.1945,21.9,30.4,16.2185,22.845,16.7314,14.7208,11.946,9.3113,28.25,19.0702,19.5947,15.1408,16.3579,22.9654,24.9875,11.605,15.3017,17.0559,25.0308
CC24_302,Taxes & Economy,ordinal_dist,% Stayed same,Household income change past year (1=Increased a lot … 5=Decreased a lot),50.26,55.02,49.56,46.94,46.53,53.7574,52.5876,51.6264,48.6912,52.1764,50.615,49.805,46.7555,48.25,50.2342,46.6812,52.3881,51.9967,50.698,50.1299,50.6416,46.7021,52.5192,48.3043,50.1488,53.0842,49.823,52.909,49.0354
CC24_302,Taxes & Economy,ordinal_dist,% Decreased somewhat,Household income change past year (1=Increased a lot … 5=Decreased a lot),16.15,20.37,12.71,16.75,22.02,18.7267,16.9575,18.8496,14.0497,16.3807,14.36,9.685,19.1215,14.73,18.2259,20.0759,20.8815,21.9968,10.4,16.7122,16.3035,19.8083,17.9809,14.6463,12.7788,20.8947,19.193,17.4511,13.1768
CC24_302,Taxes & Economy,ordinal_dist,% Decreased a lot,Household income change past year (1=Increased a lot … 5=Decreased a lot),10.82,11.38,7.97,13.08,17.99,10.2568,9.8608,12.094,9.6645,9.6041,8.185,5.665,15.2895,10.525,12.3869,16.1787,13.4291,15.5499,5.376,11.0647,10.4761,15.9293,10.6811,10.4191,7.5012,13.1466,13.4918,9.95,8.7579
CC24_303,Taxes & Economy,ordinal,Weighted mean,Price change past year (1=Increased a lot … 5=Decreased a lot),1.6116,1.3256,1.8281,1.7436,1.3853,1.4046,1.5495,1.5012,1.8001,1.5873,1.6816,1.9263,1.5824,1.7858,1.5732,1.5175,1.3441,1.2606,1.8287,1.6219,1.6237,1.5357,1.4982,1.7876,1.7794,1.3269,1.5144,1.5075,1.8175
CC24_303,Taxes & Economy,ordinal_dist,% Increased a lot,Price change past year (1=Increased a lot … 5=Decreased a lot),55.11,73.98,39.69,49.52,72.54,67.9421,58.7038,63.7068,42.9496,56.1218,48.825,33.335,59.879,44.605,59.4923,64.0479,73.5336,78.7085,39.372,54.9834,54.5255,62.8788,62.5437,44.4012,42.6688,74.4004,63.3694,61.3529,41.4538
CC24_303,Taxes & Economy,ordinal_dist,% Increased somewhat,Price change past year (1=Increased a lot … 5=Decreased a lot),32.57,21.37,43.0,32.64,20.48,25.5536,31.0062,26.1034,39.5646,32.6349,37.735,46.855,27.168,37.82,28.0452,24.9658,21.0941,17.8469,43.414,32.1358,32.7682,25.5834,28.1707,38.0347,41.3312,20.709,25.9309,29.4601,40.8398
CC24_303,Taxes & Economy,ordinal_dist,% Stayed same,Price change past year (1=Increased a lot … 5=Decreased a lot),8.87,3.18,12.34,13.08,4.14,5.0683,7.2608,7.338,12.5854,7.9505,10.265,13.845,9.057,12.71,9.0438,7.438,3.4776,2.4891,12.486,9.2562,9.0726,7.892,6.7086,12.6947,11.6788,3.2514,7.5542,6.6449,12.705
CC24_303,Taxes & Economy,ordinal_dist,% Decreased somewhat,Price change past year (1=Increased a lot … 5=Decreased a lot),2.95,1.06,4.75,3.49,1.58,0.9959,2.7039,2.0806,4.3322,2.9818,2.82,5.77,2.6305,4.12,2.4993,2.2846,1.2212,0.5896,4.43,2.9664,3.0835,2.3816,2.0857,4.1461,4.04,1.0849,2.1937,2.1809,4.511
CC24_303,Taxes & Economy,ordinal_dist,% Decreased a lot,Price change past year (1=Increased a lot … 5=Decreased a lot),0.5,0.41,0.22,1.27,1.26,0.4439,0.3254,0.7712,0.5682,0.311,0.36,0.195,1.2655,0.745,0.9194,1.2637,0.6735,0.3659,0.302,0.6589,0.5507,1.2642,0.4923,0.7232,0.2838,0.5543,0.9518,0.3625,0.4908
CC24_323a,Immigration,binary,% Supporting,Grant legal status to long-term undocumented immigrants,59.2294,30.2296,82.7113,75.1003,12.3442,41.4389,53.6102,49.0753,80.1875,57.5621,71.3408,90.5093,46.8601,78.9058,56.8065,35.4949,24.6851,15.5156,82.9725,59.8866,60.0722,38.6821,48.8461,79.0636,78.9756,24.9593,45.3608,50.2117,81.6599
CC24_323b,Immigration,binary,% Supporting,Increase border patrols,79.5714,99.4845,72.2397,64.8119,89.1047,97.1164,87.3469,84.922,69.7766,85.2954,82.7205,73.7853,75.7437,68.5258,78.9479,80.1431,96.2668,99.7371,82.4791,80.024,81.4956,78.9094,89.1234,68.6797,77.8665,97.6819,82.6833,90.2615,71.5311
CC24_323d,Immigration,binary,% Supporting,Permanent status/pathway for Dreamers,70.4041,53.0032,98.3844,86.6809,27.6665,60.2692,73.2205,67.1478,94.5035,76.6377,85.333,99.178,60.1244,92.5326,72.9505,49.4369,45.1488,27.1698,88.8957,75.8893,76.0678,52.434,67.7352,92.7752,92.0571,44.8245,61.845,69.4729,94.5829
CC24_323f,Immigration,binary,% Supporting,Forgive up to $20k of student loan debt per person,54.1862,25.7075,79.6209,70.5324,30.2371,33.8423,49.7259,44.534,76.6072,53.7856,63.456,81.1668,52.3995,75.0767,52.2573,45.102,27.1117,15.7022,68.544,57.0937,56.5527,47.1484,44.11,75.2651,71.9249,25.0806,45.5515,45.108,76.4072
CC24_340f,Immigration,binary,% Supporting,Deny asylum for illegal border crossings,63.1681,99.8093,39.458,39.6282,87.0888,93.1337,72.9228,74.5332,39.5144,68.3783,60.7777,34.444,60.9855,39.5431,64.164,69.5806,95.8659,99.9027,50.497,61.665,62.677,67.1703,78.5692,39.5395,48.8644,97.5693,71.7655,78.9024,40.0359
CC24_321a,Police & Guns,binary,% Supporting,Ban assault rifles,59.5554,40.7492,80.9072,63.1428,27.0589,47.4588,58.6396,50.1545,75.0165,61.6635,69.7293,86.2003,46.905,72.025,54.0129,40.3703,36.5052,23.9214,78.3166,59.8859,60.9225,42.2028,53.1092,72.3932,76.6415,35.9201,47.2949,55.4166,76.737
CC24_321b,Police & Guns,binary,% Supporting,Easier concealed-carry permits,38.9291,54.9176,20.1692,36.5762,67.8831,50.8864,39.4372,47.2142,25.6098,36.8206,32.1956,13.7324,50.6643,28.3727,44.054,56.334,58.9369,72.977,22.0662,38.9992,37.8274,54.744,44.8218,28.0326,24.5732,59.7943,49.9263,42.8175,23.804
CC24_321c,Police & Guns,binary,% Supporting,Require background checks on all gun sales,92.5023,93.8034,98.4429,88.7939,80.3952,94.2064,95.8703,91.6994,95.2433,96.2197,96.6577,99.0114,85.0145,93.6184,90.8363,83.4935,89.6469,85.0053,97.697,92.8842,93.7893,83.92,94.0856,93.8184,97.6924,90.1714,88.8619,95.3739,95.9918
CC24_321d,Police & Guns,binary,% Supporting,Increase police by 10%,56.7169,99.714,31.436,34.9589,44.166,86.6839,69.2962,72.5169,32.6042,64.1548,48.2892,33.5104,39.1021,33.1975,61.3596,40.7695,82.4941,99.8541,47.4078,53.1536,55.9027,40.3019,74.0904,33.1244,40.3812,89.8941,60.7016,74.2352,34.1148
CC24_321e,Police & Guns,binary,% Supporting,"Decrease police by 10%, increase other funding",26.7993,1.8792,39.5124,39.1405,19.5421,7.4328,18.6448,17.5289,39.3891,21.4786,28.0633,37.5751,30.3212,39.3265,23.9491,26.7719,7.3547,1.0121,28.0283,26.5639,25.2248,27.7672,15.5867,39.3342,33.3035,4.8842,21.3087,15.3798,38.0844
CC24_321f,Police & Guns,binary,% Supporting,Increase spending on mental health & school safety,86.4629,86.5553,95.922,85.8456,66.5524,88.0218,90.7282,86.2572,92.5807,91.4335,93.1841,97.1854,77.1637,90.8838,86.1349,73.6697,80.3544,70.64,95.2478,87.9589,88.8634,74.6495,88.4915,91.0927,94.8689,80.7383,82.0334,89.9436,93.4454
CC24_325,Abortion,continuous,Median,Abortion: how many weeks should it be legal,13.0,10.0,18.0,13.0,8.0,10.7538,13.564,11.26,16.342,14.1664,15.0,21.0,10.75,15.5,11.7769,9.8445,9.38,8.53,19.2,13.4192,13.9506,10.0984,12.149,15.6036,17.25,9.4357,10.8419,12.7277,17.1791
CC24_325,Abortion,continuous,Q25,Abortion: how many weeks should it be legal,6.0,4.0,10.0,6.0,1.0,4.0,6.673,4.84,8.6736,7.1248,7.0,13.0,3.75,8.0,5.1846,2.8445,3.07,2.04,11.2,6.287,6.8123,3.0984,5.4148,8.0829,9.25,3.1886,4.2094,5.8573,9.432
CC24_325,Abortion,continuous,Q75,Abortion: how many weeks should it be legal,24.0,15.0,26.0,23.0,14.0,16.5076,19.9005,18.36,25.0052,20.7288,22.5,31.0,18.95,24.5,19.7384,17.3201,14.69,13.53,29.2,20.9953,21.4289,17.7772,18.555,24.5622,25.5,14.6129,18.1598,18.9076,26.0979
CC24_324b,Abortion,binary,% Supporting,Permit abortion only in rape/incest/life danger cases,51.3964,72.6163,36.9495,56.8046,60.3942,69.9137,56.7267,65.9754,43.5335,54.041,51.1977,31.3422,58.4199,46.877,63.251,59.07,68.8274,72.4325,41.6192,55.1659,53.9851,58.8877,62.6368,46.4655,42.6718,70.425,63.3736,60.6748,41.8176
CC24_340b,Abortion,binary,% Supporting,Prohibit restrictions on abortion access (Congress bill),63.0207,48.7144,82.7413,53.177,43.5041,50.6556,63.8734,50.5887,72.9378,66.4356,68.3031,85.7783,48.8242,67.9591,51.3576,47.0724,47.0992,40.2888,74.8351,60.8931,62.9649,47.5637,56.598,68.572,76.2815,46.5878,49.4948,59.8945,74.8221
CC24_444c,Abortion,binary,% Supporting,Prohibit abortion-inducing drugs by mail,41.2474,63.5861,22.9448,39.0023,58.7169,60.1814,45.4804,53.2609,28.2695,42.4201,38.7488,17.0643,47.8739,30.9735,49.0251,51.4442,62.0766,69.0201,28.5314,42.6592,41.7986,50.443,51.4834,30.6407,29.3767,63.4998,52.1994,49.8707,26.9126
CC24_444d,Abortion,binary,% Supporting,Prohibit women traveling to another state for abortion,18.4855,27.1627,8.8986,25.6106,26.8387,27.4846,19.026,26.5108,14.4403,17.6508,18.4577,6.2916,26.1632,17.2546,26.2434,26.3857,27.0623,27.2071,13.4174,20.7982,19.4638,26.3233,23.3436,16.9082,13.0264,27.1117,26.4403,21.6163,13.2832
CC24_340c,Civil Liberties,binary,% Supporting,Federal recognition of same-sex & interracial marriages,66.0666,47.846,95.9375,54.3011,43.4016,50.8499,69.2708,50.5571,82.1309,72.8921,75.8768,96.5979,49.3963,75.1193,51.6694,47.4224,46.4682,37.4065,80.6815,65.3219,67.8855,47.9759,59.1128,75.9824,86.0722,45.5673,49.6277,63.734,83.9883
CC24_340d,Civil Liberties,binary,% Supporting,Ban TikTok unless China sells to a US company,55.4871,73.6451,44.4839,40.7118,54.7864,69.4167,60.6538,59.8131,43.2331,58.4579,53.455,48.4248,47.0454,42.5978,54.1387,49.5943,67.7989,75.2215,56.3899,53.0377,54.7476,48.8795,62.498,42.6761,49.9547,70.5296,55.7868,63.2088,45.1231
CC24_340e,Civil Liberties,binary,% Supporting,Renew post-9/11 surveillance programs,34.0178,45.1447,36.4273,30.2967,21.3699,45.3386,41.2611,38.9085,34.3944,40.6047,41.0432,39.7189,26.2796,33.362,36.3502,24.663,37.7745,27.6777,44.0699,36.3667,37.4826,25.1163,41.3626,33.4891,39.5582,38.4379,33.8691,42.5109,35.9825
CC24_444a,Civil Liberties,binary,% Supporting,Prevent gender transition surgery for minors,60.1484,78.1244,48.9304,60.1361,78.3789,75.9226,65.1185,70.5693,52.6462,62.9202,60.6065,40.746,68.3454,54.5332,67.4699,71.6491,78.2033,83.4088,48.4499,63.2884,62.2966,70.7227,69.5063,54.3009,52.7224,78.9244,70.5985,68.3535,50.8274
CC24_444b,Civil Liberties,binary,% Supporting,Parental consent for name/pronoun changes at school,62.7367,85.3977,45.6794,63.6007,85.0514,81.6424,67.7032,76.243,51.6221,64.7124,60.5567,40.1483,73.2535,54.6401,72.4873,77.1382,85.2903,89.7659,50.9439,65.8579,64.7465,76.0488,73.7785,54.2686,51.7353,85.9604,76.1401,71.8511,50.125
CC24_444e,Civil Liberties,binary,% Supporting,Age verification for adult web content,78.7779,88.5785,75.2629,77.5991,78.8884,86.6361,82.6464,83.9672,76.0376,81.6437,79.3439,74.0975,78.1793,76.431,82.0754,78.4128,85.5746,87.8329,77.1293,80.1126,80.3152,78.3473,83.946,76.3826,77.012,86.7555,81.9065,83.8092,75.9096
CC24_444f,Civil Liberties,binary,% Supporting,School voucher subsidies,56.1512,70.5407,44.454,61.4132,71.3714,68.712,58.9191,66.7071,50.0777,56.9547,55.0714,35.4894,65.8944,52.9336,65.1345,67.6978,70.7982,78.5991,42.1905,59.2032,57.6578,67.1921,63.6973,52.5821,47.5216,71.839,66.87,61.856,47.5466
CC24_326a,Environment & Climate,binary,% Supporting,Give EPA power to regulate CO2 emissions,62.3942,39.213,88.7817,67.2327,31.6727,48.3491,61.2959,50.9813,81.6361,65.0284,76.1174,92.0113,51.2307,78.0072,55.8091,44.7908,36.8755,22.414,82.5258,63.8189,64.6092,46.5967,54.8627,78.4539,83.257,35.4774,49.4277,57.6024,83.0717
CC24_326b,Environment & Climate,binary,% Supporting,Require 20% renewable electricity,66.1221,44.5249,90.3056,76.5382,39.5961,53.1721,64.9202,57.9705,85.7403,68.3675,78.8868,92.3208,59.9143,83.4219,63.4864,53.224,42.997,27.1132,83.5887,69.0988,69.1518,55.1002,59.7788,83.7073,85.1,41.1644,56.9737,61.5787,86.3862
CC24_326c,Environment & Climate,binary,% Supporting,Strengthen Clean Air/Water Act enforcement (even if it costs jobs),55.1936,29.6793,77.0459,62.6317,26.8186,37.8158,50.7811,43.5193,72.2662,54.3478,64.1566,83.7561,46.5158,69.8388,49.197,40.0301,28.7925,17.2818,74.7868,55.2037,55.7454,41.8489,45.2605,70.1376,72.2788,27.4015,42.9604,47.0538,73.9094
CC24_326d,Environment & Climate,binary,% Supporting,Increase fossil fuel production in the U.S.,56.953,85.0649,36.3858,50.0336,74.0844,79.5097,63.3784,70.3518,40.9114,59.7128,53.3558,31.153,60.8565,43.2097,64.3159,65.2121,81.6609,90.5976,43.6824,57.8338,57.5797,63.9907,69.4601,42.9268,43.5626,83.9101,67.9858,68.1446,39.9819
CC24_326e,Environment & Climate,binary,% Supporting,Halt new oil and gas leases on federal lands,44.7229,19.5656,65.6536,50.8046,20.9991,26.7188,40.0978,32.686,60.7297,43.5682,52.0991,70.0067,37.3921,58.2291,38.0685,31.9943,20.01,11.5583,60.0338,44.3677,44.7945,33.508,34.4874,58.5369,59.9646,18.6756,33.0313,36.2165,61.8221
CC24_326f,Environment & Climate,binary,% Supporting,Prevent government from banning gas stoves,67.4904,78.2704,61.4964,62.1408,77.1006,75.7535,70.7976,71.496,61.7101,69.5345,66.5445,59.0699,68.8727,61.8186,68.7168,71.5819,77.9078,84.2561,62.623,67.9002,68.1367,70.8222,72.2962,61.8053,63.4138,78.9183,71.227,72.2391,61.5058
CC24_328a,Healthcare & Housing,binary,% Supporting,Relax local zoning laws to allow more apartments/condos,50.2392,41.7546,55.0034,54.3716,40.223,45.3442,47.6569,47.0537,54.7939,48.6546,53.141,59.026,48.0047,54.6875,49.2276,45.4424,41.2798,38.3422,58.3406,50.0147,50.0254,46.1609,46.8436,54.7006,55.0778,40.9958,46.7476,47.0523,55.6073
CC24_328b,Healthcare & Housing,binary,% Supporting,Expand federal tax incentives for affordable housing,72.447,59.6047,86.792,78.9586,53.0424,64.6458,71.7166,67.7333,84.1944,73.7638,79.8859,89.8429,67.2963,82.8753,71.068,62.6029,57.5704,46.3759,84.9282,73.9994,74.1909,63.9191,68.6299,83.0377,84.1017,56.5524,66.3744,69.7009,84.9604
CC24_328c,Healthcare & Housing,binary,% Supporting,Require able-bodied Medicaid recipients under 64 to work,53.2651,69.5243,44.5384,49.3468,58.3849,65.4629,58.3931,61.0498,46.1329,56.5116,51.6435,42.3661,53.4139,46.9426,57.5732,55.0507,66.0711,71.1072,47.6157,54.2867,54.5402,54.5917,60.8677,46.8429,47.5479,67.7772,58.6705,60.4361,45.8192
CC24_328d,Healthcare & Housing,binary,% Supporting,Repeal the Affordable Care Act,38.4834,62.1169,15.0659,33.492,67.1593,54.3036,41.1557,50.0944,21.176,37.6127,28.2262,10.0552,48.6423,24.2789,45.1624,54.7394,63.68,73.6826,19.5813,38.1391,37.3216,53.0296,47.2202,23.897,20.3934,64.6623,51.1198,44.9478,19.6224
CC24_328e,Healthcare & Housing,binary,% Supporting,Expand Medicaid (income <$25k individual / <$40k family),78.6882,67.2118,93.4622,84.2906,65.8631,71.7028,78.9064,74.3849,90.4209,80.883,86.2948,94.4345,75.9982,88.8764,77.3276,72.661,66.7937,52.9106,88.895,81.001,81.0212,73.5968,75.7068,89.0665,90.1216,64.9299,74.1235,76.8346,90.8019
CC24_440a,Racial & Gender,likert5,"Mean (1=Strongly Agree, 5=Strongly Disagree)",White people have certain advantages because of their race,2.6905,3.5336,1.912,2.3041,3.6628,3.3239,2.8112,3.0172,2.042,2.6891,2.4446,1.7591,2.9155,2.108,2.8054,3.1616,3.5737,3.9383,2.1545,2.6483,2.6401,3.0926,3.0067,2.0999,2.1401,3.6143,3.0428,2.9618,2.0182
CC24_440a,Racial & Gender,likert5_dist,% Strongly Agree,White people have certain advantages because of their race,29.03,6.85,40.08,32.29,9.43,10.3212,21.654,17.5348,37.4968,24.1562,28.07,48.24,22.003,36.185,21.9181,17.8631,7.6498,3.9149,40.264,25.4654,26.0414,19.024,17.5311,36.3465,36.115,6.8877,18.1142,18.2934,39.0151
CC24_440a,Racial & Gender,likert5_dist,% Agree,White people have certain advantages because of their race,22.83,15.33,39.13,28.24,12.14,19.2535,25.9329,20.7522,35.5189,27.725,32.435,35.735,20.995,33.685,22.9766,18.0793,14.3411,9.3618,29.7,26.8589,26.9267,18.8969,22.6654,33.9108,34.9338,13.9123,20.0964,24.0051,35.0847
CC24_440a,Racial & Gender,likert5_dist,% Neither,White people have certain advantages because of their race,18.04,26.64,13.42,24.58,22.3,25.5847,20.7505,25.7748,17.1207,19.755,18.63,10.425,23.554,19.0,25.4199,23.1411,25.2946,21.7841,13.994,21.188,20.268,23.2569,23.3746,18.7687,15.2762,25.1775,24.8558,22.196,15.9727
CC24_440a,Racial & Gender,likert5_dist,% Disagree,White people have certain advantages because of their race,10.27,19.96,4.28,6.54,14.97,17.3858,12.9746,14.3236,5.0294,11.7939,8.705,3.085,10.3335,5.41,12.0113,11.8602,18.4131,18.833,6.386,10.3634,10.5095,11.4321,14.4592,5.3631,6.1938,18.9151,13.2518,14.2482,4.9276
CC24_440a,Racial & Gender,likert5_dist,% Strongly Disagree,White people have certain advantages because of their race,19.83,31.22,3.1,8.34,41.16,27.451,18.6925,21.6104,4.8376,16.5751,12.16,2.52,23.109,5.72,17.6682,29.0527,34.3014,46.1013,9.652,16.1242,16.2553,27.3859,21.9696,5.6114,7.485,35.1067,23.6776,21.2591,5.003
CC24_440b,Racial & Gender,likert5,"Mean (1=Strongly Agree, 5=Strongly Disagree)","Racial problems in the U.S. are rare, isolated situations",3.4832,2.9101,4.0527,3.612,2.7983,2.9973,3.4191,3.2049,3.9066,3.5052,3.597,4.2222,3.2458,3.8323,3.3258,3.0985,2.8754,2.4566,3.8916,3.4787,3.5028,3.1398,3.246,3.8415,3.8672,2.8255,3.1822,3.2928,3.9439
CC24_440b,Racial & Gender,likert5_dist,% Strongly Agree,"Racial problems in the U.S. are rare, isolated situations",9.59,12.13,1.69,6.26,17.72,11.3536,7.479,9.6646,3.2054,6.6928,5.88,0.915,11.417,3.975,8.6532,13.4924,13.8629,24.478,4.112,7.492,7.3403,12.9104,9.191,3.8803,3.5912,14.8842,10.8367,8.6395,2.9983
CC24_440b,Racial & Gender,likert5_dist,% Agree,"Racial problems in the U.S. are rare, isolated situations",17.26,28.98,7.11,12.49,27.56,27.2086,19.2369,22.0542,8.894,17.5901,15.695,4.5,19.2715,9.8,19.213,22.0007,28.5398,33.047,10.846,16.9619,16.8018,21.2353,22.1176,9.6885,10.75,29.3095,21.7319,21.6197,8.5522
CC24_440b,Racial & Gender,likert5_dist,% Neither,"Racial problems in the U.S. are rare, isolated situations",17.16,25.12,13.28,23.36,24.51,24.2984,19.8453,24.3808,16.6225,18.9537,18.11,10.585,23.8775,18.32,24.0776,24.0858,24.9309,20.9354,13.91,20.5617,19.6483,24.0274,22.2818,18.111,15.0212,24.4141,24.2496,21.1811,15.5976
CC24_440b,Racial & Gender,likert5_dist,% Disagree,"Racial problems in the U.S. are rare, isolated situations",27.21,23.28,40.09,29.57,17.6,24.6218,30.7689,25.9218,36.6016,32.0346,33.465,39.46,24.1835,34.83,27.0056,22.0157,21.5192,15.4155,34.034,30.1571,30.6566,22.6236,27.7109,35.0481,36.62,21.1503,24.7313,28.9308,36.7689
CC24_440b,Racial & Gender,likert5_dist,% Strongly Disagree,"Racial problems in the U.S. are rare, isolated situations",28.78,10.48,37.83,28.32,12.62,12.5077,22.6644,17.9728,34.6765,24.7239,26.845,44.545,21.255,33.075,21.0466,18.4117,11.1434,6.119,37.1,24.8251,25.5507,19.2091,18.6923,33.2721,34.0162,10.2361,18.449,19.6221,36.0837
CC24_440c,Racial & Gender,likert5,"Mean (1=Strongly Agree, 5=Strongly Disagree)",Women seek to gain power by getting control over men,3.5378,3.0973,3.918,3.326,2.8228,3.1489,3.4629,3.1934,3.7217,3.5247,3.5761,4.1692,3.0996,3.622,3.2328,3.0084,3.0122,2.8595,3.9459,3.4153,3.4727,3.034,3.3009,3.6343,3.8098,3.0147,3.1358,3.3685,3.7983
CC24_440c,Racial & Gender,likert5_dist,% Strongly Agree,Women seek to gain power by getting control over men,7.14,8.44,2.19,7.74,14.85,8.8734,5.6556,8.146,4.0304,5.185,5.89,1.475,10.9395,4.965,8.0254,12.2271,10.4271,13.4576,4.292,6.8338,6.3317,11.866,7.2855,4.85,3.8612,10.2923,9.4983,6.6498,3.7213
CC24_440c,Racial & Gender,likert5_dist,% Agree,Women seek to gain power by getting control over men,15.54,22.43,8.93,16.76,26.22,21.3709,16.4157,20.0486,11.5264,15.3992,14.275,5.81,21.017,12.845,19.0717,22.7302,23.6049,26.2569,9.462,16.6058,15.9256,22.2498,18.7936,12.6827,10.8225,23.6481,20.841,17.898,10.6229
CC24_440c,Racial & Gender,likert5_dist,% Neither,Women seek to gain power by getting control over men,26.67,34.84,25.2,34.32,33.23,32.9329,30.5454,34.6216,28.2242,29.8195,27.49,19.215,33.8295,29.76,34.532,33.6321,34.3409,33.1691,19.85,30.9955,29.9809,33.6875,32.298,29.571,24.8488,34.3161,34.281,31.2203,26.3323
CC24_440c,Racial & Gender,likert5_dist,% Disagree,Women seek to gain power by getting control over men,17.71,19.53,22.25,17.54,13.17,19.6431,20.7418,18.6942,20.6882,20.9466,21.04,21.31,15.5735,19.895,18.3513,14.7821,17.5584,15.1102,20.154,19.3297,19.6618,15.004,19.7944,19.9927,21.41,17.772,17.3488,20.4097,20.7518
CC24_440c,Racial & Gender,likert5_dist,% Strongly Disagree,Women seek to gain power by getting control over men,32.94,14.76,41.43,23.64,12.52,17.1797,26.6415,18.4896,35.5308,28.6497,31.305,52.185,18.636,32.535,20.0196,16.6222,14.0656,12.0062,46.236,26.2343,28.0988,17.1869,21.8283,32.9038,39.0562,13.9698,18.0288,23.8223,38.5706
CC24_440d,Racial & Gender,likert5,"Mean (1=Strongly Agree, 5=Strongly Disagree)",Women are too easily offended,3.2044,2.5764,3.7287,3.1194,2.4685,2.6966,3.0897,2.8045,3.5267,3.1765,3.3121,3.9489,2.8265,3.4241,2.898,2.7086,2.543,2.3342,3.6596,3.1121,3.1567,2.7417,2.9044,3.4367,3.5754,2.5227,2.7824,2.9731,3.5918
CC24_440d,Racial & Gender,likert5_dist,% Strongly Agree,Women are too easily offended,12.16,17.09,3.43,10.4,22.69,16.1892,11.0045,14.2802,5.7413,9.9759,9.065,2.495,15.9305,6.915,13.1275,18.1562,18.826,25.1309,6.816,11.1633,10.7674,17.5321,13.3673,6.7705,6.0138,19.2307,15.4533,12.5613,5.4221
CC24_440d,Racial & Gender,likert5_dist,% Agree,Women are too easily offended,22.7,34.93,14.04,22.34,32.76,32.4274,25.6235,29.6422,16.7923,24.0505,21.165,10.83,27.029,18.19,27.4729,28.9161,34.2573,35.3024,15.888,24.083,23.5994,28.3869,28.5227,18.018,16.8,34.5988,29.1669,27.6293,15.9707
CC24_440d,Racial & Gender,likert5_dist,% Neither,Women are too easily offended,23.45,27.89,23.74,31.05,27.48,26.8008,26.0412,29.2172,26.164,25.7287,24.37,19.765,29.4435,27.395,29.7617,28.797,27.7629,25.3959,19.474,27.1004,26.2421,28.9783,27.1256,27.2435,23.0612,27.4611,29.135,26.2423,24.7391
CC24_440d,Racial & Gender,likert5_dist,% Disagree,Women are too easily offended,15.93,13.42,23.82,17.34,9.15,14.6902,18.0532,15.0664,21.6712,18.8363,20.305,23.125,13.6545,20.58,15.7418,12.1713,12.0963,9.353,20.174,17.6863,17.9822,12.5872,16.2692,20.7143,21.8888,12.0826,14.1703,17.0627,21.7492
CC24_440d,Racial & Gender,likert5_dist,% Strongly Disagree,Women are too easily offended,25.76,6.67,34.97,18.87,7.92,9.8925,19.2776,11.794,29.6312,21.4086,25.095,43.79,13.9425,26.92,13.8961,11.9595,7.0575,4.8178,37.654,19.9671,21.4093,12.5156,14.7151,27.2537,32.2375,6.6268,12.0746,16.5044,32.12
CC24_441a,Racial & Gender,likert5,"Mean (1=Strongly Agree, 5=Strongly Disagree)",Minorities should work their way up without special favors,2.7418,1.8511,3.4333,2.8818,1.9589,1.9919,2.556,2.284,3.2504,2.6751,2.8291,3.6392,2.4665,3.1576,2.4616,2.2994,1.8845,1.6738,3.197,2.6796,2.7075,2.3462,2.3319,3.169,3.1827,1.8449,2.3082,2.3878,3.2931
CC24_441a,Racial & Gender,likert5_dist,% Strongly Agree,Minorities should work their way up without special favors,27.84,45.52,7.78,18.16,45.72,41.8867,28.7068,34.0288,11.222,25.865,21.83,6.455,30.562,12.97,29.3147,35.5531,45.582,55.3788,17.43,25.2687,25.1819,34.1535,33.6915,12.7548,14.4738,46.9638,34.0336,32.6265,11.2048
CC24_441a,Racial & Gender,likert5_dist,% Agree,Minorities should work their way up without special favors,20.7,31.17,15.63,20.46,25.41,29.9677,24.2469,26.6718,17.2316,23.0768,21.805,12.995,22.6875,18.045,24.8265,23.5839,29.3844,26.6473,17.408,22.4894,22.196,23.3325,26.3624,17.9449,18.0588,29.5036,25.4412,25.9588,16.7389
CC24_441a,Racial & Gender,likert5_dist,% Neither,Minorities should work their way up without special favors,19.78,17.97,26.83,32.69,20.85,19.0479,21.9171,24.1524,28.7732,22.5843,23.83,21.725,27.362,29.76,26.6887,25.2178,18.8628,14.5302,18.304,25.1486,23.9419,25.8191,21.8162,29.6385,24.0538,17.9888,24.7805,21.0719,26.9229
CC24_441a,Racial & Gender,likert5_dist,% Disagree,Minorities should work their way up without special favors,12.79,3.38,24.99,12.42,3.29,5.2645,13.0073,7.1768,20.8218,14.6345,16.685,27.82,8.3115,18.705,8.7344,6.6581,3.3521,2.1256,21.742,13.1953,14.0515,7.1217,9.3266,18.9656,21.545,3.1849,7.1702,10.6976,21.8013
CC24_441a,Racial & Gender,likert5_dist,% Strongly Disagree,Minorities should work their way up without special favors,18.89,1.96,24.77,16.27,4.73,3.8332,12.1219,7.9702,21.9514,13.8394,15.85,31.005,11.077,20.52,10.4358,8.9871,2.8187,1.3181,25.116,13.898,14.6288,9.5732,8.8033,20.6962,21.8688,2.359,8.5745,9.6453,23.3322
CC24_441b,Racial & Gender,likert5,"Mean (1=Strongly Agree, 5=Strongly Disagree)",Slavery/discrimination makes it hard for Blacks to rise,2.9061,3.8116,2.176,2.5874,3.7137,3.5804,3.0829,3.2974,2.3124,2.9598,2.6871,2.0025,3.0942,2.3817,3.0865,3.2982,3.7813,4.1338,2.3767,2.8996,2.8932,3.241,3.2738,2.3732,2.3882,3.8403,3.2751,3.2282,2.2808
CC24_441b,Racial & Gender,likert5_dist,% Strongly Agree,Slavery/discrimination makes it hard for Blacks to rise,24.54,4.68,33.08,24.54,7.47,8.2342,17.3322,13.0212,30.2481,19.4707,23.595,40.255,16.8585,28.81,16.4431,13.7671,5.5449,2.7886,34.102,20.2349,20.8695,14.634,13.7494,28.987,30.1312,4.904,13.6373,14.656,31.8003
CC24_441b,Racial & Gender,likert5_dist,% Agree,Slavery/discrimination makes it hard for Blacks to rise,21.68,12.69,36.06,25.76,12.38,16.5495,23.1013,18.1794,32.6445,24.8611,29.495,35.65,19.739,30.91,20.4314,17.3159,12.5939,8.1477,30.316,24.4172,24.6499,17.9954,19.9788,31.1235,32.675,11.9862,18.1318,21.2107,32.849
CC24_441b,Racial & Gender,likert5_dist,% Neither,Slavery/discrimination makes it hard for Blacks to rise,15.46,17.7,16.43,26.75,21.33,17.5492,17.1342,21.501,19.8521,17.0386,16.865,12.145,24.311,21.59,23.0603,23.3294,18.8253,13.5056,11.636,19.9347,18.5925,23.6047,18.5105,21.3761,15.5762,17.7438,22.2797,17.2566,18.1049
CC24_441b,Racial & Gender,likert5_dist,% Disagree,Slavery/discrimination makes it hard for Blacks to rise,15.3,26.66,9.04,12.3,18.95,24.2742,18.8103,20.6288,10.121,17.4835,14.685,7.485,15.2925,10.67,18.1546,16.4968,24.2699,24.0189,11.69,15.9723,16.0614,16.1591,20.6668,10.6024,11.4737,24.9169,18.9815,20.4105,9.9546
CC24_441b,Racial & Gender,likert5_dist,% Strongly Disagree,Slavery/discrimination makes it hard for Blacks to rise,23.02,38.27,5.39,10.65,39.87,33.3891,23.622,26.6696,7.1342,21.1461,15.355,4.465,23.799,8.02,21.9107,29.0907,38.766,51.5441,12.252,19.4402,19.8264,27.6068,27.0935,7.911,10.1412,40.4497,26.9696,26.465,7.2908
CC24_441e,Racial & Gender,likert5,"Mean (1=Strongly Agree, 5=Strongly Disagree)",I resent when Whites deny racial discrimination exists,2.1841,2.7095,1.833,2.1083,2.9195,2.536,2.319,2.457,1.9243,2.253,2.0411,1.6749,2.4733,1.9707,2.3534,2.6202,2.7746,3.3623,1.8098,2.2484,2.2404,2.579,2.4183,1.965,1.8975,2.84,2.5005,2.3803,1.8832
CC24_441e,Racial & Gender,likert5_dist,% Strongly Agree,I resent when Whites deny racial discrimination exists,41.59,22.35,48.78,39.0,19.79,28.207,34.1246,29.343,45.537,36.1147,43.335,57.8,30.3555,43.89,32.2118,26.8766,21.5564,12.2511,55.248,36.3673,37.1485,27.8522,31.1714,44.0928,48.3125,20.4538,28.8253,32.4838,47.9201
CC24_441e,Racial & Gender,likert5_dist,% Agree,I resent when Whites deny racial discrimination exists,21.07,18.86,26.1,23.88,18.51,21.0837,22.0854,20.9684,25.3638,22.6306,25.43,23.2,21.4635,24.99,21.8333,20.491,18.7515,12.5929,22.084,22.8537,22.4832,20.7637,21.4965,25.036,25.04,17.9027,20.9014,21.8424,24.8305
CC24_441e,Racial & Gender,likert5_dist,% Neither,I resent when Whites deny racial discrimination exists,23.23,36.35,20.14,28.11,31.05,30.9566,29.1284,32.8892,22.7829,27.9078,21.09,14.98,29.433,24.125,31.4694,29.9654,34.707,32.3516,14.708,27.3983,26.8348,29.8161,30.608,23.9598,19.325,34.8399,31.759,29.5344,21.0631
CC24_441e,Racial & Gender,likert5_dist,% Disagree,I resent when Whites deny racial discrimination exists,5.57,10.35,2.98,5.32,11.27,8.4014,7.0667,8.2374,3.7559,6.5117,4.08,1.725,7.9975,4.15,7.3707,9.075,10.6352,12.2757,2.354,6.3256,6.2347,8.7729,7.7654,4.1015,3.2162,10.7881,8.4247,7.4191,3.374
CC24_441e,Racial & Gender,likert5_dist,% Strongly Disagree,I resent when Whites deny racial discrimination exists,8.54,12.08,2.0,3.69,19.38,11.345,7.5894,8.5562,2.5604,6.8303,6.065,2.29,10.7505,2.845,7.1106,13.592,14.343,30.5236,5.6,7.0525,7.2953,12.7951,8.9531,2.81,4.105,16.0079,10.0858,8.7148,2.811
CC24_441f,Racial & Gender,likert5,"Mean (1=Strongly Agree, 5=Strongly Disagree)",Whites get away with offenses that African Americans wouldn't,2.2467,2.9596,1.8294,2.0119,2.9934,2.7633,2.4561,2.5616,1.8899,2.371,2.1341,1.7006,2.4536,1.9206,2.3983,2.6313,2.9701,3.6141,1.9186,2.3043,2.3151,2.5815,2.5679,1.9168,1.9496,3.0591,2.5674,2.5443,1.8703
CC24_441f,Racial & Gender,likert5_dist,% Strongly Agree,Whites get away with offenses that African Americans wouldn't,41.13,22.66,47.07,41.58,22.87,26.8926,33.5347,30.6064,45.2495,35.3727,40.48,55.96,33.1605,44.325,33.8663,29.7721,22.7251,12.223,52.466,36.595,37.0412,30.7223,30.9496,44.4388,45.9975,21.2062,30.6766,31.627,47.1759
CC24_441f,Racial & Gender,likert5_dist,% Agree,Whites get away with offenses that African Americans wouldn't,23.28,16.64,31.63,27.66,16.5,20.3148,23.318,21.2684,30.3135,24.4468,29.01,26.84,22.638,29.645,23.1671,20.6169,16.5966,12.5044,23.786,24.9941,24.4763,21.1837,21.9374,29.7273,29.1225,16.0244,21.2539,22.5051,29.3381
CC24_441f,Racial & Gender,likert5_dist,% Neither,Whites get away with offenses that African Americans wouldn't,17.45,25.87,15.35,22.55,25.5,22.1726,21.1833,24.4756,17.7375,20.3912,15.705,11.43,23.8775,18.95,23.9036,24.4117,25.7553,19.6666,10.93,20.8268,20.1121,24.2619,22.3708,18.8007,14.5475,24.9183,24.393,21.381,16.3122
CC24_441f,Racial & Gender,likert5_dist,% Disagree,Whites get away with offenses that African Americans wouldn't,6.08,11.74,3.21,4.42,8.7,10.8166,7.9399,8.6656,3.6112,7.2976,6.25,2.73,6.346,3.815,7.4044,7.1211,10.7976,12.8425,5.066,6.5705,6.6859,6.9037,8.8653,3.7899,4.61,11.359,8.0138,8.7918,3.6453
CC24_441f,Racial & Gender,likert5_dist,% Strongly Disagree,Whites get away with offenses that African Americans wouldn't,12.06,23.09,2.75,3.79,26.44,19.8072,14.0285,14.984,3.0949,12.4969,8.565,3.045,13.9825,3.27,11.6586,18.0844,24.1285,42.7586,7.756,11.0182,11.6888,16.9341,15.88,3.2485,5.7312,26.4932,15.6648,15.6995,3.5348
CC24_441g,Racial & Gender,likert5,"Mean (1=Strongly Agree, 5=Strongly Disagree)",Whites don't understand the problems African Americans face,2.4054,2.9019,2.1455,2.2023,3.0188,2.793,2.5649,2.6081,2.1643,2.508,2.3792,2.0445,2.5697,2.1739,2.4875,2.7176,2.9381,3.4372,2.2113,2.4572,2.4672,2.6761,2.6392,2.1727,2.2371,2.9991,2.6318,2.6315,2.1553
CC24_441g,Racial & Gender,likert5_dist,% Strongly Agree,Whites don't understand the problems African Americans face,30.07,16.56,31.32,33.23,18.11,19.4282,23.1356,23.5614,31.9534,24.247,27.745,36.98,26.426,32.275,26.4336,23.6878,17.0405,9.2149,35.252,26.5789,26.3762,24.4557,22.2844,32.2354,30.9475,15.7853,23.9114,22.085,32.8029
CC24_441g,Racial & Gender,likert5_dist,% Agree,Whites don't understand the problems African Americans face,25.71,20.28,32.11,26.85,15.91,23.2161,25.5503,23.0394,30.3658,26.4411,30.09,32.1,21.927,29.48,24.1714,19.9458,18.9253,13.126,30.482,26.0133,26.1141,20.5014,24.1637,29.589,31.0975,18.4839,22.1258,24.9207,30.6196
CC24_441g,Racial & Gender,likert5_dist,% Neither,Whites don't understand the problems African Americans face,27.04,34.56,29.65,30.13,33.59,30.1503,32.3726,32.6994,29.8092,32.0029,26.255,23.185,31.687,29.89,31.9361,32.3136,34.2593,31.8454,19.176,30.8134,30.4756,32.1379,31.8787,29.8801,26.3362,34.0004,32.4886,31.5702,28.044
CC24_441g,Racial & Gender,likert5_dist,% Disagree,Whites don't understand the problems African Americans face,7.99,13.63,4.52,6.02,10.78,13.0458,9.5715,10.4338,5.0174,8.8855,8.3,4.945,8.162,5.27,9.1226,9.024,12.7465,16.374,8.054,8.2857,8.4725,8.7823,10.6943,5.2389,6.5162,13.5171,9.8217,10.6153,5.2912
CC24_441g,Racial & Gender,likert5_dist,% Strongly Disagree,Whites don't understand the problems African Americans face,9.19,14.97,2.4,3.76,21.61,14.1559,9.3701,10.2618,2.851,8.4235,7.605,2.79,11.7925,3.08,8.3303,15.0251,17.0284,29.4446,7.032,8.3054,8.5594,14.1186,10.9767,3.0518,5.1,18.214,11.6483,10.8076,3.2394
CC24_445a,Racial & Gender,binary_agree,% Agreeing,SCOTUS: Race in admissions violates Equal Protection (Agree/Disagree),67.4348,84.8388,55.6298,71.2793,83.6675,82.8834,71.8262,79.1438,60.8192,69.6268,67.6402,48.6324,76.854,63.4546,76.8075,79.0975,84.4757,87.901,56.8412,71.1373,69.8601,78.4684,76.7811,63.1302,59.8856,85.0688,78.878,75.1454,58.945
CC24_445b,Racial & Gender,binary_agree,% Agreeing,SCOTUS: Constitution doesn't protect abortion; Roe overruled (Agree/Disagree),53.2276,79.4661,31.314,51.2356,76.8646,73.8853,58.0143,67.6093,37.92,54.3885,47.9865,24.221,62.7686,41.2748,62.7452,67.4101,78.6596,87.0301,36.1404,54.9205,53.8316,66.1085,64.8708,40.8618,37.877,80.0858,67.0215,62.7003,36.0527
CC24_421_1,Elections & Trust,likert5,"Mean (1=Strongly Agree, 5=Strongly Disagree)",Elections in the U.S. are fair,2.3653,2.3808,2.3782,3.0445,3.0863,2.0463,2.3796,2.6596,2.5991,2.3794,1.9357,1.8918,3.0633,2.7114,2.7739,3.0709,2.5995,2.5913,1.4405,2.5534,2.4609,3.0688,2.3802,2.6975,2.0354,2.5358,2.8094,2.2685,2.4021
CC24_421_1,Elections & Trust,likert5_dist,% Strongly Agree,Elections in the U.S. are fair,25.05,13.55,18.87,9.13,5.47,30.4917,15.9201,11.6936,15.6402,16.3207,38.685,43.2,7.483,14.0,10.932,6.8202,11.0452,10.7521,63.918,16.7395,18.8538,7.0061,18.426,14.2019,34.86,11.719,9.9818,20.8441,23.4585
CC24_421_1,Elections & Trust,likert5_dist,% Agree,Elections in the U.S. are fair,37.79,50.43,42.96,26.39,30.9,44.7313,47.1021,40.3332,37.4654,46.5396,39.135,34.99,28.4195,34.675,36.1911,29.2363,44.3757,45.3683,30.336,38.7165,40.1436,29.0072,44.3458,35.0185,39.055,46.2473,36.1773,46.2181,36.6687
CC24_421_1,Elections & Trust,likert5_dist,% Neither,Elections in the U.S. are fair,18.62,22.27,22.97,31.12,27.32,15.6441,22.5818,25.987,25.6725,22.6346,13.83,13.085,29.41,27.045,27.5119,28.7218,23.8355,22.5738,3.796,24.0026,22.6909,28.9148,21.788,26.876,15.9288,23.208,27.0652,20.278,22.0807
CC24_421_1,Elections & Trust,likert5_dist,% Disagree,Elections in the U.S. are fair,12.63,11.87,11.89,17.58,22.14,7.9125,11.8789,14.2682,13.7768,11.8804,6.63,6.885,19.632,14.735,15.252,20.4578,15.0537,16.6034,1.676,13.5299,12.6727,20.2262,11.6485,14.617,8.0087,14.3655,16.4441,10.557,11.7856
CC24_421_1,Elections & Trust,likert5_dist,% Strongly Disagree,Elections in the U.S. are fair,5.9,1.88,3.32,15.76,14.16,1.2204,2.5215,7.7096,7.4451,2.63,1.725,1.84,15.04,9.54,10.1011,14.7502,5.6868,4.7073,0.268,7.0083,5.6376,14.8315,3.7913,9.2821,2.1525,4.4592,10.321,2.1059,6.0063
CC24_421_2,Elections & Trust,likert5,"Mean (1=Strongly Agree, 5=Strongly Disagree)",2024 state/local election was fair,1.9098,1.8351,1.8687,2.8158,2.8203,1.5321,1.8501,2.247,2.1828,1.8526,1.4499,1.4367,2.8178,2.3422,2.416,2.8186,2.1405,2.0775,1.0154,2.1355,2.0165,2.8184,1.891,2.3226,1.5513,2.0442,2.4563,1.7445,1.9778
CC24_421_2,Elections & Trust,likert5_dist,% Strongly Agree,2024 state/local election was fair,45.45,36.38,32.8,11.83,12.23,59.1825,34.7851,26.069,25.8463,34.5155,64.84,66.16,12.01,22.315,21.839,12.0824,28.8935,33.0431,98.464,31.0399,35.0562,12.0621,38.4006,22.7497,57.16,31.6253,20.9371,42.8726,37.547
CC24_421_2,Elections & Trust,likert5_dist,% Agree,2024 state/local election was fair,29.21,44.67,47.65,27.22,29.78,29.0098,45.9976,37.341,40.8754,46.222,25.385,24.065,28.372,37.435,34.3344,28.8356,40.0541,39.035,1.536,36.5259,37.1575,28.7056,38.9479,37.8585,30.6212,41.2273,34.1737,40.3724,35.4091
CC24_421_2,Elections & Trust,likert5_dist,% Neither,2024 state/local election was fair,17.39,18.03,19.45,38.72,32.34,11.2345,18.6626,26.7198,25.8399,18.7695,9.725,9.725,35.849,29.085,30.2847,34.6936,22.4661,18.3044,0.0,23.9629,21.5285,35.0176,19.161,28.6855,12.1562,20.6041,29.7691,16.2044,21.363
CC24_421_2,Elections & Trust,likert5_dist,% Disagree,2024 state/local election was fair,4.8,0.9,0.1,12.03,15.05,0.5608,0.5436,5.5746,4.056,0.4834,0.05,0.05,13.389,6.065,7.4923,13.9359,5.2865,6.3635,0.0,4.802,3.6139,13.7825,2.1423,5.8177,0.0625,4.1871,8.577,0.5393,3.1015
CC24_421_2,Elections & Trust,likert5_dist,% Strongly Disagree,2024 state/local election was fair,3.15,0.02,0.0,10.21,10.6,0.0125,0.0111,4.2998,3.3856,0.0096,0.0,0.0,10.3855,5.105,6.0555,10.4561,3.2998,3.254,0.0,3.6721,2.6458,10.4363,1.3494,4.8933,0.0,2.3562,6.5473,0.0113,2.5818
CC24_423,Elections & Trust,trust,Weighted mean,Trust in federal government (1=Great deal … 4=None at all),2.7066,2.7572,2.5967,2.7274,3.0608,2.5455,2.6857,2.7447,2.64,2.6736,2.396,2.4991,2.8774,2.662,2.7395,2.9378,2.8513,2.9629,2.3191,2.6853,2.6749,2.9209,2.6699,2.6593,2.472,2.8404,2.8087,2.637,2.592
CC24_423,Elections & Trust,trust_dist,% Great deal,Trust in federal government (1=Great deal … 4=None at all),6.11,3.15,6.19,5.5,3.06,9.9116,4.5043,4.137,5.9612,4.7332,13.64,8.495,4.402,5.845,4.5419,3.9601,3.1221,1.8907,14.916,5.9551,5.8365,4.084,5.8064,5.8593,10.4912,2.9542,4.1212,6.3449,7.1197
CC24_423,Elections & Trust,trust_dist,% Fair amount,Trust in federal government (1=Great deal … 4=None at all),31.94,30.1,37.91,33.19,16.52,35.3841,33.5794,31.3978,36.3448,34.1674,41.015,41.73,25.6885,35.55,31.9302,22.6696,25.8902,21.182,44.978,33.2739,33.7851,23.5162,33.2466,35.6478,40.4175,26.4204,28.5351,34.279,37.8231
CC24_423,Elections & Trust,trust_dist,% Not very much,Trust in federal government (1=Great deal … 4=None at all),47.11,54.62,45.92,44.39,51.7,44.945,50.7442,50.3234,45.4127,50.089,37.435,41.13,47.6795,45.155,48.5608,49.0033,53.7148,55.6686,33.384,47.0502,47.4217,48.6321,49.0887,45.1867,40.48,54.2525,49.693,48.7019,43.7861
CC24_423,Elections & Trust,trust_dist,% None at all,Trust in federal government (1=Great deal … 4=None at all),14.83,12.13,9.97,16.92,28.72,9.7593,11.1677,14.1418,12.2746,11.0051,7.905,8.64,22.23,13.445,14.9671,24.367,17.2729,21.2587,6.722,13.7177,12.9533,23.7677,11.8563,13.3009,8.605,16.3729,17.6507,10.6711,11.2651
CC24_424,Elections & Trust,trust,Weighted mean,Trust in state government (1=Great deal … 4=None at all),2.4493,2.4074,2.3903,2.6656,2.8783,2.2559,2.3998,2.5158,2.4816,2.3985,2.1978,2.2562,2.7613,2.5279,2.5603,2.7998,2.5534,2.5849,2.0754,2.4836,2.4492,2.789,2.401,2.5222,2.2605,2.5162,2.6156,2.3516,2.4145
CC24_424,Elections & Trust,trust_dist,% Great deal,Trust in state government (1=Great deal … 4=None at all),12.9,12.6,11.54,7.0,4.1,18.7774,12.1278,10.248,10.0345,12.048,20.265,16.465,5.695,9.27,9.2831,5.1698,9.965,10.248,24.43,11.1595,11.8358,5.3171,13.2257,9.3641,17.1338,10.7583,8.4459,14.331,12.1883
CC24_424,Elections & Trust,trust_dist,% Fair amount,Trust in state government (1=Great deal … 4=None at all),42.36,44.0,46.49,37.28,30.64,44.6294,45.1093,41.1776,43.436,45.2968,46.08,48.64,34.292,41.885,40.0197,33.0895,39.8584,38.9481,48.742,41.9954,43.0868,33.4267,43.7043,42.0759,46.8225,40.9117,38.348,44.9806,44.6151
CC24_424,Elections & Trust,trust_dist,% Not very much,Trust in state government (1=Great deal … 4=None at all),31.65,33.45,33.37,37.87,38.59,28.8217,33.4144,35.3064,34.8622,33.4083,27.27,27.71,38.194,35.62,36.068,38.3244,35.0434,32.862,21.698,34.1625,33.3995,38.2878,32.813,35.5267,28.905,34.2765,36.3976,31.8825,32.7509
CC24_424,Elections & Trust,trust_dist,% None at all,Trust in state government (1=Great deal … 4=None at all),13.09,9.94,8.6,17.85,26.67,7.7691,9.343,13.2622,11.6673,9.2421,6.39,7.19,21.819,13.225,14.6251,23.4163,15.1263,17.9368,5.14,12.6807,11.6759,22.9684,10.2524,13.0333,7.1425,14.046,16.8049,8.8016,10.4473
CC24_312a,Approval,approval4,Weighted mean,Job approval — President Biden,2.8887,3.674,2.1854,2.7118,3.7169,3.4278,3.0108,3.2699,2.36,2.8987,2.6032,1.9443,3.1641,2.4486,3.1041,3.3461,3.6873,3.8202,2.2303,2.8887,2.8591,3.2951,3.1948,2.4377,2.334,3.7025,3.2776,3.1311,2.2967
CC24_312a,Approval,approval4_dist,% Strongly approve,Job approval — President Biden,16.69,3.0,26.59,17.08,2.43,7.2024,13.5093,8.9136,23.4365,15.2857,20.37,36.215,10.4875,21.835,11.3396,7.8344,2.8233,1.5692,33.164,15.3041,16.3476,8.5784,10.5377,22.0321,25.8862,2.6946,8.8125,11.7031,25.8745
CC24_312a,Approval,approval4_dist,% Somewhat approve,Job approval — President Biden,24.53,7.53,42.12,28.34,6.23,12.0943,22.9398,16.2702,37.5506,25.5445,30.88,42.11,18.3905,35.23,19.8558,14.3864,7.127,3.9334,33.116,25.0281,25.4344,15.5093,18.1788,35.5157,36.4975,6.7859,16.0242,19.7588,37.7536
CC24_312a,Approval,approval4_dist,% Somewhat disapprove,Job approval — President Biden,11.99,8.55,17.44,20.89,8.55,11.4295,12.5105,13.7328,18.584,13.1799,16.815,12.7,15.337,19.165,15.859,13.1022,8.55,5.4091,11.252,15.1613,14.1766,13.7289,12.5549,19.0935,15.9425,8.1013,13.7497,12.2617,17.1918
CC24_312a,Approval,approval4_dist,% Strongly disapprove,Job approval — President Biden,46.78,80.92,13.85,33.68,82.78,69.2738,51.0403,61.0792,20.4256,45.9899,31.935,8.975,55.775,23.765,52.9397,64.667,81.4966,89.0883,22.468,44.503,44.0388,62.1734,58.7273,23.3539,21.6737,82.4164,61.4073,56.2764,19.1776
CC24_312b,Approval,approval4,Weighted mean,Job approval — U.S. Congress,3.076,3.0242,3.061,2.9039,3.2644,2.9344,3.0406,2.9737,3.0089,3.0434,2.9235,3.1144,3.0661,2.9825,2.9529,3.1314,3.0987,3.1236,3.0151,3.01,3.0269,3.1131,2.9974,2.9857,3.0056,3.081,3.0242,3.0057,3.0226
CC24_312b,Approval,approval4_dist,% Strongly approve,Job approval — U.S. Congress,2.54,1.85,2.24,4.89,1.66,3.923,2.0237,3.1268,3.1187,2.0531,4.795,2.095,3.4365,3.565,3.6506,2.8515,1.7911,1.1983,4.11,3.1303,2.796,3.0156,2.8234,3.51,3.4812,1.7232,3.0908,2.6617,3.0773
CC24_312b,Approval,approval4_dist,% Somewhat approve,Job approval — U.S. Congress,20.68,20.77,22.04,28.63,13.79,24.6031,21.3358,24.0712,24.2252,21.4314,26.49,20.525,21.952,25.335,25.4255,19.2645,18.6062,18.0113,23.782,23.3274,22.5906,20.0181,22.8544,25.1984,23.8862,19.1394,22.6084,22.4408,23.7121
CC24_312b,Approval,approval4_dist,% Somewhat disapprove,Job approval — U.S. Congress,43.42,50.49,43.07,37.67,41.0,45.5865,47.1844,45.1056,41.2794,46.6257,40.275,41.2,39.1685,40.37,42.8967,39.7716,47.5481,48.0204,38.59,42.939,43.7276,39.6025,46.0722,40.482,41.205,48.4561,43.0846,46.5586,41.063
CC24_312b,Approval,approval4_dist,% Strongly disapprove,Job approval — U.S. Congress,33.36,26.89,32.64,28.8,43.55,25.8874,29.4516,27.6922,31.3667,29.8846,28.435,36.175,35.4375,30.72,28.0213,38.1087,32.0546,32.77,33.518,30.5975,30.8805,37.3596,28.2468,30.7996,31.4212,30.6812,31.2119,28.3357,32.1391
CC24_312c,Approval,approval4,Weighted mean,Job approval — U.S. Supreme Court,2.8519,2.214,3.3809,2.9346,2.519,2.2938,2.7339,2.5167,3.2329,2.8217,2.9034,3.5267,2.7476,3.1578,2.6408,2.6723,2.3086,2.0714,3.1738,2.8295,2.8482,2.6934,2.5608,3.167,3.1786,2.2477,2.5821,2.6018,3.2636
CC24_312c,Approval,approval4_dist,% Strongly approve,Job approval — U.S. Supreme Court,11.79,21.92,2.47,6.85,12.73,20.9363,13.255,15.5906,3.9224,11.7904,10.89,1.835,9.496,4.66,12.994,10.5609,19.0711,25.1148,8.444,10.5763,10.7628,10.2623,15.817,4.5692,6.5212,20.7485,13.6299,15.5713,4.093
CC24_312c,Approval,approval4_dist,% Somewhat approve,Job approval — U.S. Supreme Court,30.14,47.65,15.38,29.08,45.41,44.42,33.2737,39.8506,19.9229,30.8438,27.23,10.22,36.4285,22.23,36.651,39.3859,46.9556,51.8297,18.668,31.3307,30.5108,38.5565,38.036,21.946,20.015,47.8503,39.3523,36.5842,18.6051
CC24_312c,Approval,approval4_dist,% Somewhat disapprove,Job approval — U.S. Supreme Court,19.16,17.54,23.75,27.83,19.1,18.9685,20.3066,21.8618,25.1029,20.7742,22.54,21.395,23.9015,25.79,23.6348,22.3205,18.0236,13.865,19.956,22.663,21.8765,22.7639,20.4021,25.7054,22.5562,17.2913,22.2052,19.9385,24.1546
CC24_312c,Approval,approval4_dist,% Strongly disapprove,Job approval — U.S. Supreme Court,38.91,12.89,58.4,36.24,22.77,15.6753,33.1647,22.697,51.0517,36.5916,39.34,66.55,30.1785,47.32,26.7202,27.7391,15.9528,9.1905,52.932,35.4309,36.8505,28.4232,25.7451,47.7793,50.9075,14.1117,24.8147,27.906,53.1473
pew_churatd,Religion,ordinal,Weighted mean,Church attendance (1=More than once/week … 6=Never),4.3047,3.8983,4.8238,3.9597,4.1155,3.849,4.3106,3.9241,4.5373,4.3803,4.2957,4.8145,4.0298,4.3918,3.9347,4.058,3.9656,3.8762,4.3901,4.225,4.2786,4.0501,4.0839,4.4097,4.5574,3.9336,3.97,4.1684,4.5619
pew_churatd,Religion,ordinal_dist,% More than once/week,Church attendance (1=More than once/week … 6=Never),6.93,9.68,2.3,10.57,7.99,10.1097,6.3922,10.0538,5.0423,5.8365,6.56,2.585,9.409,6.435,10.2071,8.9418,9.1561,10.6404,6.05,7.4616,6.9514,9.0728,8.3715,6.2635,4.5012,9.5178,9.6982,7.5388,4.789
pew_churatd,Religion,ordinal_dist,% Once/week,Church attendance (1=More than once/week … 6=Never),16.81,21.32,9.45,20.57,19.62,22.4356,16.0319,21.005,13.1374,15.1381,16.865,10.26,20.1425,15.01,20.8758,19.9705,20.793,21.8835,16.354,17.3288,16.6528,20.0187,19.0846,14.7795,13.36,21.0994,20.6451,18.0175,13.0253
pew_churatd,Religion,ordinal_dist,% 1–2x/month,Church attendance (1=More than once/week … 6=Never),6.59,8.21,5.53,7.41,6.91,8.3796,7.0161,7.874,6.1534,6.8143,7.095,5.585,7.185,6.47,7.7362,7.0945,7.807,7.1761,6.848,7.0435,6.9349,7.1199,7.5977,6.431,6.3262,7.832,7.5985,7.437,6.1403
pew_churatd,Religion,ordinal_dist,% Few times/year,Church attendance (1=More than once/week … 6=Never),13.26,15.41,13.21,13.8,13.52,14.9313,14.4299,14.7338,13.4056,14.2642,13.675,12.125,13.674,13.505,14.4564,13.6233,14.8241,14.8073,12.28,13.9973,13.9452,13.6375,14.6234,13.4927,13.1712,14.9891,14.3326,14.5694,13.1503
pew_churatd,Religion,ordinal_dist,% Seldom,Church attendance (1=More than once/week … 6=Never),21.34,21.04,25.3,19.08,22.2,19.8113,22.9378,20.2168,23.2374,23.2586,21.54,23.585,20.484,22.19,19.8791,21.049,21.3996,20.4912,20.234,21.7488,22.0731,20.8906,21.3726,22.3189,22.9912,21.1671,20.459,21.9491,23.0451
pew_churatd,Religion,ordinal_dist,% Never,Church attendance (1=More than once/week … 6=Never),35.06,24.34,44.2,28.57,29.75,24.3325,33.1876,26.1166,39.0171,34.6831,34.26,45.855,29.101,36.385,26.8454,29.3147,26.0171,24.9966,38.234,32.416,33.4384,29.2548,28.948,36.709,39.6438,25.3921,27.2645,30.4852,39.8439
pew_religimp,Religion,ordinal,Weighted mean,Importance of religion (1=Very important … 4=Not at all important),2.2895,1.8674,2.6814,2.0918,2.0313,1.8807,2.23,1.9616,2.4859,2.2913,2.2921,2.731,2.0646,2.3866,2.0003,2.0536,1.9182,1.8408,2.4295,2.2092,2.2452,2.0567,2.065,2.3988,2.4992,1.8926,1.9965,2.1238,2.5131
pew_religimp,Religion,ordinal_dist,% Very important,Importance of religion (1=Very important … 4=Not at all important),36.11,48.48,19.72,42.43,43.65,49.0303,35.6674,45.939,27.2506,33.5018,34.83,20.155,42.979,31.075,44.8966,43.1999,46.9827,50.93,32.33,37.2099,35.9265,43.138,41.9971,30.6042,27.3838,47.9744,44.9111,39.7608,26.7435
pew_religimp,Religion,ordinal_dist,% Somewhat important,Importance of religion (1=Very important … 4=Not at all important),23.67,27.37,25.8,25.18,26.05,25.6476,26.6706,26.4502,25.5944,26.5523,24.3,23.25,25.5715,25.49,26.0729,25.7291,26.9608,25.3169,21.54,25.814,25.7445,25.6849,26.327,25.5028,24.4125,26.8429,26.1685,26.3099,24.9493
pew_religimp,Religion,ordinal_dist,% Not too important,Importance of religion (1=Very important … 4=Not at all important),15.38,13.08,21.12,13.17,13.82,13.5436,16.6618,13.1178,18.4838,17.2672,17.715,19.94,13.4625,17.145,13.1333,13.5802,13.3094,12.492,16.98,15.8297,16.2215,13.5472,14.8577,17.3098,19.1225,13.1271,13.2741,15.7233,18.5764
pew_religimp,Religion,ordinal_dist,% Not at all important,Importance of religion (1=Very important … 4=Not at all important),24.84,11.07,33.37,19.22,16.48,11.7786,21.0046,14.493,28.6779,22.6838,23.16,36.66,17.987,26.295,15.8972,17.4908,12.7471,11.2611,29.15,21.1495,22.111,17.6299,16.8202,26.5883,29.0875,12.0556,15.6462,18.2091,29.7367
pew_bornagain,Religion,binary,% Supporting,Born-again or evangelical Christian,31.2824,42.5602,19.1665,37.7053,39.8736,42.7426,32.1383,40.5211,25.314,30.3768,31.1053,16.6538,38.681,28.4359,39.6846,39.0737,41.7274,45.0722,25.7023,33.4162,32.1227,38.9636,37.2422,28.0516,24.5077,42.4432,39.9473,35.3795,24.2207
ideo5,Demographics,ordinal,Weighted mean,Ideological self-identification (1=Very Liberal … 5=Very Conservative),3.0532,3.8076,2.4795,2.9469,3.7281,3.6539,3.2159,3.4461,2.6345,3.1159,2.9397,2.3346,3.2984,2.7132,3.2978,3.4399,3.783,4.0048,2.6738,3.1088,3.0896,3.4002,3.3954,2.7035,2.6734,3.8217,3.4281,3.3452,2.601
ideo5,Demographics,ordinal_dist,% Very Liberal,Ideological self-identification (1=Very Liberal … 5=Very Conservative),12.68,1.19,14.0,7.75,2.89,2.3509,6.8969,3.9452,11.9275,7.8614,9.135,17.885,5.563,10.875,5.0755,4.6829,1.717,0.8372,14.77,7.5339,8.0883,4.9297,4.8907,11.0046,12.5388,1.4407,4.3131,5.5423,12.9172
ideo5,Demographics,ordinal_dist,% Liberal,Ideological self-identification (1=Very Liberal … 5=Very Conservative),17.76,3.13,34.17,18.1,3.55,5.4932,16.9583,9.4174,28.8412,19.2956,21.785,37.595,11.5525,26.135,11.9967,8.9175,3.2602,1.8511,28.372,17.7409,18.768,9.6564,11.8217,26.4681,28.8338,3.0217,9.5265,13.5262,29.9115
ideo5,Demographics,ordinal_dist,% Moderate,Ideological self-identification (1=Very Liberal … 5=Very Conservative),34.4,32.22,43.41,51.41,35.05,35.7629,37.2051,40.2798,46.0628,38.0478,42.515,38.815,44.048,47.41,43.5862,41.0852,33.0973,25.4384,37.18,41.7854,40.2398,41.9161,37.706,47.2442,41.8138,31.7525,40.9035,36.8648,44.324
ideo5,Demographics,ordinal_dist,% Conservative,Ideological self-identification (1=Very Liberal … 5=Very Conservative),21.89,40.64,6.71,17.17,34.9,37.1914,25.5242,30.7826,10.1785,22.9693,19.1,4.575,25.1485,11.94,26.7387,28.3594,38.8606,39.7482,14.06,22.181,21.8928,27.459,30.0103,11.7231,12.3713,39.4958,29.5387,28.9874,9.842
ideo5,Demographics,ordinal_dist,% Very Conservative,Ideological self-identification (1=Very Liberal … 5=Very Conservative),13.27,22.82,1.7,5.56,23.62,19.2055,13.411,15.5708,2.98,11.8207,7.465,1.125,13.687,3.63,12.5969,16.9577,23.068,32.13,5.622,10.7545,11.0069,16.0405,15.5692,3.55,4.4388,24.2917,15.7161,15.0774,2.9973
CC24_330a,Demographics,ordinal,Weighted mean,Ideology self-placement 7-pt (1=Very Liberal … 7=Very Conservative),4.1069,5.3683,3.1107,3.8995,5.2187,5.097,4.3625,4.7514,3.3723,4.1925,3.8796,2.8649,4.4931,3.5051,4.4983,4.732,5.3219,5.6884,3.4308,4.1759,4.1443,4.665,4.6641,3.4888,3.4337,5.3875,4.7178,4.579,3.3148
CC24_330a,Demographics,ordinal_dist,% Very Liberal,Ideology self-placement 7-pt (1=Very Liberal … 7=Very Conservative),11.37,1.34,12.02,7.25,2.13,2.5423,6.0979,3.8222,10.4383,6.9021,8.275,15.95,4.946,9.635,4.8405,4.0188,1.5849,0.7275,13.74,6.7476,7.2293,4.2788,4.5296,9.7339,11.13,1.3924,3.9971,5.0467,11.4093
CC24_330a,Demographics,ordinal_dist,% Liberal,Ideology self-placement 7-pt (1=Very Liberal … 7=Very Conservative),13.83,1.76,25.7,12.61,2.48,3.6181,12.4253,6.317,21.3594,14.228,16.195,28.99,8.0515,19.155,8.1865,6.217,1.9832,1.0985,22.044,12.8936,13.7913,6.7314,8.3967,19.4264,21.77,1.793,6.4838,9.79,22.3899
CC24_330a,Demographics,ordinal_dist,% Somewhat Liberal,Ideology self-placement 7-pt (1=Very Liberal … 7=Very Conservative),9.49,2.83,18.72,11.68,3.2,4.4243,9.909,6.547,16.3855,11.1055,12.89,19.95,7.864,15.2,8.0719,6.3283,2.9447,1.5805,15.532,10.6984,11.0516,6.7589,7.5207,15.3459,16.1125,2.717,6.6372,8.2802,16.7616
CC24_330a,Demographics,ordinal_dist,% Moderate,Ideology self-placement 7-pt (1=Very Liberal … 7=Very Conservative),25.52,23.33,32.97,41.28,26.82,26.0964,27.6246,30.869,35.7256,28.3505,31.82,27.56,34.773,37.125,33.9618,32.1543,24.4119,17.0825,25.558,31.9668,30.3791,32.8887,28.1618,36.9527,31.0425,23.0557,31.6303,27.2362,33.7582
CC24_330a,Demographics,ordinal_dist,% Somewhat Conservative,Ideology self-placement 7-pt (1=Very Liberal … 7=Very Conservative),10.06,15.62,5.52,11.13,16.61,15.3524,11.1204,13.7342,7.3803,10.3599,10.215,3.98,13.596,8.325,12.9606,14.5884,15.9269,14.3754,7.428,11.142,10.6596,14.3101,12.9824,8.2087,7.4825,15.6176,13.9371,12.4043,6.9579
CC24_330a,Demographics,ordinal_dist,% Conservative,Ideology self-placement 7-pt (1=Very Liberal … 7=Very Conservative),17.31,33.79,3.44,10.69,26.45,30.2773,20.2691,24.088,5.8441,17.9837,13.955,2.41,17.782,7.065,20.1079,20.6361,31.5146,34.9709,10.616,16.4651,16.5631,19.8357,23.894,6.9147,8.44,32.6585,22.5069,23.2243,5.8633
CC24_330a,Demographics,ordinal_dist,% Very Conservative,Ideology self-placement 7-pt (1=Very Liberal … 7=Very Conservative),12.42,21.33,1.62,5.36,22.31,17.6891,12.5492,14.6226,2.8602,11.065,6.645,1.155,12.9875,3.49,11.871,16.0571,21.6338,30.1598,5.082,10.0832,10.3224,15.1963,14.5127,3.4125,4.0162,22.765,14.8077,14.0151,2.8539
pid3,Demographics,categorical_dist,% Democrat,Party identification (3-point),34.18,10.32,54.02,35.88,9.67,15.981,29.7884,21.0552,48.0048,33.079,39.68,61.47,24.0855,44.95,25.4592,19.3389,10.1185,5.8414,51.488,32.4427,33.6124,20.67,23.6737,45.326,48.7125,9.5651,20.9529,25.7344,49.995
pid3,Demographics,categorical_dist,% Republican,Party identification (3-point),29.97,58.32,6.98,17.04,45.82,52.8474,35.448,40.9824,10.3159,31.5821,25.39,5.305,29.991,12.01,33.8699,35.2031,54.445,58.9766,19.698,28.4916,28.798,33.7415,41.4432,11.8015,15.7662,56.1995,38.2871,40.6035,10.586
pid3,Demographics,categorical_dist,% Independent,Party identification (3-point),27.28,25.11,29.84,29.35,32.7,25.7771,27.2172,26.8908,29.6775,27.5734,28.36,26.975,30.8575,29.595,27.6214,31.4642,27.4629,27.805,25.218,28.4965,28.0752,31.2941,26.8453,29.6051,28.3838,26.8395,28.4989,26.7965,28.9525
pid3,Demographics,categorical_dist,% Other,Party identification (3-point),4.02,3.46,2.32,4.69,5.88,2.7552,2.9521,3.9766,3.1059,2.8663,1.955,2.2,5.2255,3.505,4.1885,5.441,4.2102,5.2877,1.884,3.5082,3.329,5.3806,3.2207,3.4559,2.1075,4.1498,4.4892,2.8722,2.8636
pid3,Demographics,categorical_dist,% Not sure,Party identification (3-point),4.55,2.79,6.85,13.03,5.93,2.6392,4.5987,7.0908,8.8993,4.9044,4.62,4.055,9.835,9.94,8.8552,8.5492,3.7634,2.0893,1.712,7.0613,6.187,8.9098,4.8179,9.8119,5.0362,3.2461,7.7677,3.9965,7.6063
gender4,Demographics,categorical_dist,% Man,Gender,48.62,48.95,44.62,39.27,51.21,51.0041,47.021,44.8844,42.8459,46.6949,49.51,48.285,44.643,41.945,43.2165,46.8053,49.6506,56.1481,52.93,45.5454,46.3396,46.1989,47.502,42.0559,47.9812,50.3786,45.3483,48.2944,44.4784
gender4,Demographics,categorical_dist,% Woman,Gender,50.7,50.85,54.82,60.37,48.69,48.826,52.6186,54.8484,56.6604,52.9176,50.15,51.31,55.114,57.595,56.4887,52.9988,50.1804,43.6225,46.872,54.1114,53.3142,53.5919,52.2152,57.48,51.6075,49.4349,54.4054,51.4042,55.0644
gender4,Demographics,categorical_dist,% Non-binary,Gender,0.56,0.08,0.54,0.36,0.06,0.0612,0.2849,0.1976,0.4803,0.3196,0.285,0.365,0.225,0.45,0.2458,0.1707,0.0738,0.0408,0.126,0.2964,0.2909,0.1859,0.2012,0.4537,0.3687,0.0709,0.1938,0.2161,0.435
gender4,Demographics,categorical_dist,% Other,Gender,0.12,0.12,0.01,0.0,0.04,0.1087,0.071,0.0696,0.0067,0.0627,0.05,0.035,0.018,0.005,0.0489,0.0252,0.0952,0.1837,0.072,0.0436,0.0517,0.0232,0.0795,0.0052,0.0363,0.1149,0.0525,0.0822,0.0163
race,Demographics,categorical_dist,% White,Race/ethnicity,67.25,78.39,56.7,43.36,70.24,73.7881,68.7271,63.6774,52.2765,67.0938,61.44,63.03,55.456,50.03,57.6417,60.324,75.8635,79.7522,68.088,60.5397,62.8791,58.9589,68.5649,50.3066,60.6525,77.1409,61.909,70.1419,55.1288
race,Demographics,categorical_dist,% Black,Race/ethnicity,11.64,5.96,16.39,27.29,9.48,8.1875,10.6066,14.9186,20.0044,11.3919,14.13,14.205,19.2755,21.84,18.5938,16.0501,7.0512,3.5884,11.96,15.7404,14.2949,16.9546,11.208,21.614,14.7138,6.2447,15.6909,9.9311,18.4754
race,Demographics,categorical_dist,% Hispanic,Race/ethnicity,9.61,6.69,13.07,15.12,8.26,7.832,9.5323,10.2306,13.7498,10.0127,11.395,11.145,12.033,14.095,11.6831,10.7907,7.1767,6.0138,9.42,11.3263,10.8102,11.1391,9.2943,14.0525,11.7512,6.8715,10.5736,9.0456,13.0221
race,Demographics,categorical_dist,% Asian,Race/ethnicity,4.27,4.05,6.23,5.14,2.79,4.1706,5.0212,4.5078,5.8686,5.1853,5.3,5.385,4.0825,5.685,4.6956,3.6569,3.6594,2.9818,4.472,4.9471,4.9406,3.7763,4.6357,5.7076,5.5537,3.6742,4.2433,4.765,5.6906
race,Demographics,categorical_dist,% Native American,Race/ethnicity,1.15,1.05,0.72,1.65,1.71,1.1895,0.903,1.302,1.0284,0.8781,1.07,0.63,1.677,1.185,1.4054,1.6879,1.2546,1.6233,0.892,1.1836,1.0938,1.6848,1.0984,1.1657,0.8725,1.2488,1.4422,0.9944,0.9622
race,Demographics,categorical_dist,% Multiracial,Race/ethnicity,3.99,2.3,5.21,5.41,3.91,2.9407,3.5964,3.6062,5.2763,3.8155,4.605,4.03,4.735,5.31,4.1421,4.4634,2.7991,3.1918,3.31,4.3071,4.1036,4.5395,3.4451,5.3058,4.6125,2.7126,3.9503,3.4144,4.9464
race,Demographics,categorical_dist,% Other,Race/ethnicity,1.73,1.39,1.36,1.51,3.18,1.5671,1.3766,1.4404,1.4097,1.3744,1.61,1.27,2.2615,1.435,1.4611,2.5639,1.9449,2.6983,1.452,1.5944,1.5497,2.4791,1.4683,1.4319,1.4625,1.894,1.8185,1.4397,1.3971
race,Demographics,categorical_dist,% Middle Eastern,Race/ethnicity,0.35,0.15,0.31,0.52,0.43,0.3121,0.2213,0.3054,0.3796,0.2333,0.445,0.3,0.4795,0.415,0.3692,0.4632,0.2368,0.15,0.406,0.3531,0.319,0.4678,0.2719,0.4106,0.375,0.1996,0.365,0.2536,0.3714
educ,Demographics,categorical_dist,% No HS,Education level,6.31,7.16,5.64,11.15,7.08,7.1751,6.4828,8.8358,7.4671,6.3684,6.42,3.995,9.3185,8.395,9.5233,8.5814,7.1352,6.1702,4.29,7.7086,7.1255,8.7881,7.3206,8.2808,5.6188,7.0044,8.8244,6.6945,6.7224
educ,Demographics,categorical_dist,% HS grad,Education level,29.15,34.29,25.93,34.98,34.32,35.0438,30.5656,34.5798,28.931,29.9361,31.11,23.315,34.683,30.455,34.6987,34.5635,34.2993,29.8604,26.936,31.8454,30.8846,34.597,32.8664,30.2674,27.8662,33.6625,34.5871,31.9534,28.0327
educ,Demographics,categorical_dist,% Some college,Education level,19.87,17.9,22.35,20.26,22.44,17.7907,19.8825,18.8912,21.657,20.2176,19.98,20.35,21.241,21.305,19.2978,21.6358,19.3074,18.9486,18.054,20.3116,20.1721,21.5251,19.1146,21.3484,20.665,18.854,19.8529,19.2411,21.1839
educ,Demographics,categorical_dist,% 2-year degree,Education level,10.1,10.31,10.93,10.63,10.39,10.1555,10.5862,10.4444,10.8305,10.6329,10.415,10.52,10.522,10.78,10.4995,10.4785,10.3348,10.2904,10.026,10.57,10.5568,10.4907,10.4344,10.7862,10.57,10.3214,10.4617,10.4504,10.7211
educ,Demographics,categorical_dist,% 4-year degree,Education level,21.46,19.68,21.27,15.43,17.48,19.2315,20.3883,17.895,19.3335,20.5081,19.88,24.105,16.3525,18.35,17.1627,16.7238,18.998,22.7817,23.56,18.8382,19.661,16.6197,19.3594,18.4711,21.2838,19.7334,17.4247,20.0227,20.3254
educ,Demographics,categorical_dist,% Post-grad,Education level,13.12,10.67,13.87,7.54,8.3,10.6097,12.0956,9.3554,11.771,12.3366,12.19,17.705,7.882,10.705,8.8161,8.0196,9.9353,11.9538,17.128,10.7236,11.5979,7.981,10.9072,10.8362,13.9888,10.4336,8.8508,11.6405,13.0049
urbancity,Demographics,categorical_dist,% City,Type of area (1=City … 4=Rural),26.82,20.47,30.68,36.28,23.05,23.0216,25.0186,27.1102,32.537,25.7874,28.96,30.19,30.3265,33.48,29.8343,27.9305,21.2698,18.2209,28.716,28.6955,27.8366,28.6024,25.099,33.3639,29.6975,20.6057,27.6765,24.4811,31.8507
urbancity,Demographics,categorical_dist,% Suburb,Type of area (1=City … 4=Rural),39.93,41.11,41.71,33.11,34.56,39.8248,41.3773,37.75,38.8582,41.4225,39.705,41.975,33.7625,37.41,36.3716,34.0251,39.0795,41.11,40.424,38.3689,39.3009,33.9515,39.8721,37.5882,40.7738,39.9497,36.3563,40.8673,39.4383
urbancity,Demographics,categorical_dist,% Town,Type of area (1=City … 4=Rural),12.55,12.43,12.63,11.34,14.71,12.6901,12.5191,11.9722,12.2022,12.5342,12.875,12.9,12.8565,11.985,11.7844,13.4668,13.1368,12.6554,13.15,12.4453,12.508,13.2957,12.4417,12.0117,12.82,12.8661,12.452,12.5786,12.384
urbancity,Demographics,categorical_dist,% Rural area,Type of area (1=City … 4=Rural),20.18,25.64,13.97,18.51,27.18,24.057,20.441,22.6454,15.4755,19.5623,17.705,14.265,22.4115,16.24,21.4169,23.9816,26.1174,27.6098,17.312,19.7998,19.6858,23.5413,22.0381,16.1459,15.9112,26.1942,22.9608,21.4999,15.477
urbancity,Demographics,categorical_dist,% Other,Type of area (1=City … 4=Rural),0.52,0.36,1.0,0.76,0.5,0.4128,0.6451,0.528,0.9204,0.6933,0.75,0.665,0.643,0.88,0.5969,0.5959,0.4034,0.409,0.398,0.6899,0.6684,0.6091,0.5527,0.885,0.7912,0.3918,0.5581,0.5757,0.844
region,Demographics,categorical_dist,% Northeast,Region,16.92,15.61,18.26,12.55,15.9,15.0974,16.7906,14.3248,16.3666,16.9901,16.255,20.155,14.0575,15.405,13.7976,14.6642,15.6999,14.777,18.93,15.6175,16.2032,14.4941,15.6613,15.5234,17.7312,15.5424,14.3818,16.2594,17.0877
region,Demographics,categorical_dist,% Midwest,Region,20.85,22.64,18.96,17.41,21.93,22.5156,21.0006,20.4434,18.446,20.7235,20.635,19.845,19.444,18.185,19.5423,20.2626,22.4199,22.5714,21.362,19.9695,20.2412,20.033,21.2368,18.2171,20.0188,22.5044,20.2864,21.4594,18.8992
region,Demographics,categorical_dist,% South,Region,38.92,42.86,36.83,46.73,37.98,43.3537,40.1736,44.4854,40.1128,39.7196,40.5,33.075,42.7925,41.78,45.1522,41.2079,41.3472,40.9931,35.26,41.5424,40.5665,41.6523,42.1488,41.5748,37.7262,41.7288,43.4605,41.158,38.7717
region,Demographics,categorical_dist,% West,Region,23.31,18.89,25.96,23.31,24.19,19.0295,22.0397,20.7464,25.0813,22.5721,22.61,26.93,23.706,24.635,21.508,23.8654,20.533,21.6634,24.444,22.8731,22.9922,23.8207,20.9541,24.69,24.5275,20.2251,21.8713,21.125,25.247
age,Demographics,continuous,Median,"Age (years, derived from birth year)",50.0,59.0,43.0,38.0,46.0,55.9848,51.872,50.18,41.342,50.6672,47.0,49.0,41.6,40.5,46.5617,43.0488,54.97,59.49,53.4,46.6315,48.2129,42.6425,52.3237,40.6036,46.5,56.7671,47.4069,53.0421,43.4052
age,Demographics,continuous,Q25,"Age (years, derived from birth year)",34.0,43.0,29.0,27.0,34.0,39.231,36.763,36.28,28.3368,35.7088,31.0,34.0,30.15,28.0,33.5232,31.4177,40.21,43.49,36.6,32.826,33.989,31.0622,37.1733,28.0415,31.25,41.4757,34.3581,37.41,29.7812
age,Demographics,continuous,Q75,"Age (years, derived from birth year)",64.0,68.0,60.0,53.0,60.0,66.4924,64.436,61.7,57.6788,63.8336,62.0,63.5,56.15,56.5,59.1155,57.4177,65.52,67.51,65.8,60.4813,61.7029,57.0622,64.1149,56.6451,61.875,66.5129,59.9906,65.0211,59.1777
faminc_new,Demographics,ordinal,Weighted mean,Family income,6.82,6.902,6.7074,5.4489,6.4086,6.7589,6.8153,6.2917,6.2901,6.8007,6.6149,7.1868,5.8808,6.0781,6.0413,6.0546,6.749,7.3238,7.2087,6.3892,6.5608,6.0059,6.6483,6.1042,6.781,6.8748,6.1856,6.7941,6.4903
faminc_new,Demographics,ordinal_dist,% <$10k,Family income,6.25,3.81,6.4,15.33,8.93,4.5186,4.9638,8.6484,9.3612,5.1589,6.045,4.69,12.45,10.865,10.6333,11.291,5.3972,3.1583,4.064,8.2874,7.2128,11.616,5.9395,10.6799,5.795,4.6239,9.745,4.8479,8.2437
faminc_new,Demographics,ordinal_dist,% $10k–20k,Family income,7.11,6.69,7.87,9.58,6.69,7.3157,7.2157,7.9038,8.437,7.3045,8.11,6.365,8.2795,8.725,8.4017,7.7561,6.69,5.7835,6.256,7.9299,7.6043,7.9029,7.4317,8.6895,7.6138,6.5605,7.9077,7.2638,7.9809
faminc_new,Demographics,ordinal_dist,% $20k–30k,Family income,10.25,10.25,12.25,13.41,10.15,10.7777,11.141,11.5772,12.6347,11.2916,11.95,10.035,11.943,12.83,12.1217,11.3526,10.219,9.0348,9.352,11.7896,11.4399,11.5182,11.1632,12.806,11.5462,10.0587,11.5604,11.045,12.0191
faminc_new,Demographics,ordinal_dist,% $30k–40k,Family income,9.19,9.79,8.47,9.74,9.1,10.0576,9.2019,9.769,8.8911,9.1025,9.485,8.405,9.452,9.105,9.7604,9.3361,9.5761,9.1873,9.204,9.3335,9.2355,9.3686,9.576,9.0787,8.9612,9.5817,9.6233,9.4706,8.8559
faminc_new,Demographics,ordinal_dist,% $40k–50k,Family income,7.97,8.73,8.25,7.54,7.8,8.1043,8.5162,8.2302,8.0146,8.48,7.66,8.37,7.657,7.895,8.0252,7.7041,8.4417,7.8872,7.922,8.0694,8.1777,7.6909,8.3173,7.9097,7.985,8.4449,8.0322,8.3729,8.0514
faminc_new,Demographics,ordinal_dist,% $50k–60k,Family income,8.89,9.23,8.08,10.34,10.44,9.5504,8.7177,9.6962,8.8294,8.6311,9.08,7.97,10.385,9.21,9.8875,10.4031,9.6051,8.544,8.748,9.313,9.0781,10.398,9.2258,9.1631,8.5525,9.3463,9.9532,8.9808,8.7049
faminc_new,Demographics,ordinal_dist,% $60k–70k,Family income,6.76,7.59,6.83,5.68,7.54,7.198,7.2514,6.7878,6.4487,7.1942,6.69,6.92,6.517,6.255,6.4587,6.8538,7.5745,7.1294,6.826,6.7586,6.8801,6.7594,7.1088,6.2789,6.7825,7.5153,6.7746,7.2241,6.5486
faminc_new,Demographics,ordinal_dist,% $70k–80k,Family income,7.26,7.62,7.26,5.6,6.67,7.7632,7.4596,6.7716,6.7095,7.4325,7.63,7.71,6.0815,6.43,6.4236,6.2753,7.3255,7.3848,8.096,6.9093,7.099,6.2209,7.3348,6.4644,7.5575,7.4181,6.5683,7.5563,6.9709
faminc_new,Demographics,ordinal_dist,% $80k–100k,Family income,9.26,10.56,8.12,5.95,9.77,10.0738,9.473,8.6238,7.4004,9.2892,8.695,8.96,7.669,7.035,7.8295,8.3608,10.3151,11.0108,9.588,8.3898,8.7196,8.1668,9.3863,7.08,8.6175,10.4845,8.4507,9.6426,7.8062
faminc_new,Demographics,ordinal_dist,% $100k–120k,Family income,7.59,7.13,7.05,5.55,8.53,6.7343,7.0944,6.4664,6.5526,7.0883,6.565,7.775,6.891,6.3,6.1942,7.4307,7.564,8.5706,7.532,6.7443,6.9398,7.2793,6.8444,6.3311,6.9888,7.5838,6.7598,6.9734,6.7967
faminc_new,Demographics,ordinal_dist,% $120k–150k,Family income,8.01,8.53,7.18,4.47,7.2,7.8252,7.9286,6.8248,6.2814,7.8269,6.92,8.445,5.6985,5.825,6.1253,6.1929,8.1177,9.8187,8.49,6.7868,7.2198,6.0543,7.5782,5.8812,7.3662,8.4785,6.5385,7.8772,6.7604
faminc_new,Demographics,ordinal_dist,% $150k–200k,Family income,5.79,5.41,5.44,3.23,4.25,5.459,5.4234,4.4944,4.7072,5.4256,5.49,6.655,3.689,4.335,4.1188,3.8737,5.0504,6.6889,6.938,4.7635,5.0947,3.8219,5.1581,4.3808,5.7688,5.3872,4.2465,5.4356,5.1598
faminc_new,Demographics,ordinal_dist,% $200k–250k,Family income,2.64,2.24,2.91,1.76,1.41,2.1269,2.5385,2.0384,2.5287,2.5889,2.425,3.35,1.6025,2.335,1.9557,1.5391,1.9827,2.7006,3.05,2.2458,2.4009,1.5569,2.2795,2.3589,2.7775,2.1588,1.8625,2.4097,2.6807
faminc_new,Demographics,ordinal_dist,% $250k–350k,Family income,1.75,1.23,2.2,0.75,0.71,1.4335,1.6621,1.0284,1.7192,1.7352,1.985,2.74,0.732,1.475,0.9457,0.7248,1.0688,1.3819,2.676,1.4153,1.5714,0.7268,1.4173,1.5051,2.2275,1.1596,0.918,1.5981,1.9386
faminc_new,Demographics,ordinal_dist,% $350k–500k,Family income,0.8,0.71,1.24,0.61,0.61,0.563,0.9461,0.668,1.0311,0.986,0.78,1.055,0.61,0.925,0.6508,0.61,0.679,1.0334,0.65,0.8177,0.8619,0.61,0.7665,0.9381,0.9637,0.7385,0.6468,0.825,1.0029
faminc_new,Demographics,ordinal_dist,% $500k+,Family income,0.49,0.51,0.46,0.47,0.2,0.5138,0.4877,0.4932,0.4633,0.484,0.49,0.55,0.3485,0.465,0.4863,0.2996,0.4139,0.706,0.592,0.4588,0.4773,0.3133,0.492,0.4648,0.4975,0.4831,0.4277,0.4958,0.4852
marstat,Demographics,categorical_dist,% Married,Marital status,46.62,56.21,37.5,34.18,45.49,52.9159,47.8747,46.9574,36.3991,46.4658,42.485,43.285,39.2695,35.84,43.1616,41.3177,52.8868,59.6057,48.43,42.8286,44.3067,40.7433,48.8196,35.9088,41.4388,54.7961,44.6642,49.3203,38.3585
marstat,Demographics,categorical_dist,% Separated,Marital status,1.8,1.62,1.95,2.59,2.97,1.5559,1.767,2.0274,2.1622,1.7919,1.7,1.455,2.761,2.27,2.1945,2.8298,2.0385,1.473,1.156,2.0842,1.9539,2.8105,1.8022,2.2567,1.7012,1.8381,2.3137,1.7008,1.9803
marstat,Demographics,categorical_dist,% Divorced,Marital status,10.17,11.2,9.5,8.94,11.14,11.2678,10.4427,10.2508,9.3143,10.3146,10.44,10.62,9.93,9.22,9.8614,10.3284,11.1814,10.5189,11.596,10.0667,10.2132,10.2167,10.6064,9.2316,10.25,11.0921,10.235,10.6964,9.6852
marstat,Demographics,categorical_dist,% Widowed,Marital status,5.39,7.84,4.13,4.04,4.97,7.0523,6.1872,6.244,4.1002,5.9078,4.94,4.76,4.4585,4.085,5.5893,4.6269,6.9503,6.7326,5.534,5.2434,5.4365,4.5797,6.396,4.0869,4.6925,7.1734,5.6329,6.429,4.3131
marstat,Demographics,categorical_dist,% Never married,Marital status,30.45,19.45,39.14,42.32,29.12,23.0795,28.2219,29.0554,40.1945,29.7046,34.11,33.68,36.38,40.73,32.9959,33.9895,22.4477,18.2103,28.564,33.3493,31.9487,34.6599,27.2115,40.6641,35.26,20.9859,31.1281,26.7549,38.316
marstat,Demographics,categorical_dist,% Domestic/civil partnership,Marital status,5.57,3.68,7.78,7.92,6.31,4.1247,5.5066,5.4608,7.8264,5.8153,6.32,6.2,7.1955,7.85,6.1914,6.9039,4.4953,3.4595,4.716,6.4245,6.1387,6.9857,5.1622,7.8471,6.655,4.1144,6.0218,5.0974,7.3439
child18,Demographics,binary,% Supporting,Children under 18 in household,21.8211,19.4741,23.0216,29.7865,29.0282,20.5624,21.0545,23.8053,25.2648,21.3216,22.6916,20.3803,29.4453,26.404,25.5821,29.3079,22.4359,19.1099,19.588,24.362,23.2561,29.3465,21.8159,26.2638,22.1963,21.1145,25.8364,20.935,24.1092
numchildren,Demographics,continuous,Median,Number of children,1.0,2.0,1.0,1.0,1.0,1.6231,1.5545,1.58,1.0,1.4792,1.0,1.0,1.0,1.0,1.4077,1.0,1.69,2.0,1.0,1.256,1.3107,1.0,1.5676,1.0,1.0,1.8229,1.3675,1.5648,1.0
numchildren,Demographics,continuous,Q25,Number of children,0.0,0.0,0.0,0.0,0.0,0.0,0.0,0.0,0.0,0.0,0.0,0.0,0.0,0.0,0.0,0.0,0.0,0.0,0.0,0.0,0.0,0.0,0.0,0.0,0.0,0.0,0.0,0.0,0.0
numchildren,Demographics,continuous,Q75,Number of children,2.0,3.0,2.0,2.0,2.0,2.6231,2.5545,2.58,2.0,2.4792,2.0,2.0,2.0,2.0,2.4077,2.0,2.69,3.0,2.0,2.256,2.3107,2.0,2.5676,2.0,2.0,2.8229,2.3675,2.5648,2.0
ownhome,Demographics,categorical_dist,% Own,Home ownership,67.25,76.48,59.37,52.04,65.49,73.2198,68.8575,66.2152,56.9394,67.5691,63.6,65.16,58.0925,55.705,62.0042,60.5283,73.0731,80.1256,69.702,62.949,64.7431,59.8452,69.1383,55.857,62.9325,75.054,63.8617,70.0969,59.1566
ownhome,Demographics,categorical_dist,% Rent,Home ownership,29.44,21.42,35.31,43.79,30.75,24.6538,27.608,30.8154,38.122,28.6539,32.655,31.1,37.922,39.55,34.6698,35.5605,24.3123,17.745,28.134,33.2322,31.5593,36.2227,27.8348,39.3742,32.93,22.5477,32.8156,26.7976,36.2947
ownhome,Demographics,categorical_dist,% Other,Home ownership,3.31,2.1,5.32,4.17,3.76,2.1302,3.5345,2.9694,4.9387,3.777,3.75,3.74,3.9855,4.745,3.3261,3.9112,2.6146,2.1294,2.168,3.8195,3.6981,3.9321,3.0279,4.7689,4.14,2.3983,3.3227,3.1068,4.5491
immstat,Demographics,categorical_dist,"% Immigrant, naturalized",Immigration background,5.63,5.09,6.18,7.81,4.07,6.4619,5.5756,6.2324,6.7205,5.6577,7.455,5.665,6.127,6.995,6.7011,5.4497,4.7738,4.1639,6.582,6.3134,6.0682,5.6396,5.9744,6.9612,6.6888,4.777,6.0208,5.8847,6.5755
immstat,Demographics,categorical_dist,"% Immigrant, not citizen",Immigration background,2.25,0.88,3.38,4.63,1.88,1.2418,1.9937,2.455,3.7945,2.182,2.61,2.82,3.3925,4.005,3.1011,2.8945,1.19,0.7085,2.092,2.8397,2.6132,3.0341,1.9356,3.9791,2.855,1.0326,2.6712,1.7744,3.5092
immstat,Demographics,categorical_dist,"% US-born, parent immigrant",Immigration background,10.73,8.13,14.04,13.44,9.57,9.2079,10.7629,10.3602,13.841,11.2079,12.515,12.325,11.6985,13.74,11.2751,10.9976,8.5764,7.9291,10.762,11.7531,11.4927,11.1942,10.255,13.7524,12.8487,8.3564,10.6715,10.3187,13.3812
immstat,Demographics,categorical_dist,"% US-born, grandparent immigrant",Immigration background,17.86,20.42,15.43,10.84,15.09,18.2453,18.197,16.3964,13.908,17.8212,15.04,18.83,12.7525,13.135,14.7458,13.5222,18.7677,21.9733,19.198,15.455,16.435,13.3063,17.6439,13.2302,16.085,19.6977,15.2581,18.1505,15.0075
immstat,Demographics,categorical_dist,% 3+ gen US-born,Immigration background,63.53,65.48,60.97,63.28,69.4,64.8468,63.4708,64.556,61.736,63.1312,62.385,60.355,66.034,62.125,64.1769,67.1423,66.6952,65.2301,61.364,63.6402,63.3915,66.8315,64.1923,62.0771,61.5238,66.1387,65.3805,63.8729,61.5258
sexuality,Demographics,categorical_dist,% Heterosexual/straight,Sexual orientation,87.04,95.42,82.48,85.51,90.88,94.8019,89.6552,91.2578,83.4847,88.6808,88.13,83.45,87.9265,83.995,89.5503,88.899,94.0126,95.4102,88.164,88.0728,88.2206,88.6263,91.404,83.9322,85.5475,94.6144,90.2858,91.2084,83.9077
sexuality,Demographics,categorical_dist,% Lesbian/gay woman,Sexual orientation,1.21,0.39,1.72,1.39,0.54,0.3825,0.9825,0.81,1.6106,1.0827,1.045,1.885,1.0075,1.555,0.9823,0.8536,0.4365,0.2185,1.378,1.1061,1.1217,0.8967,0.7778,1.5619,1.4237,0.3921,0.843,0.7992,1.621
sexuality,Demographics,categorical_dist,% Gay man,Sexual orientation,2.8,0.91,4.62,1.9,1.04,1.2078,2.5628,1.3258,3.718,2.8422,3.16,5.3,1.513,3.26,1.4964,1.3573,0.9503,0.9786,4.268,2.4552,2.6673,1.4009,1.8604,3.3164,4.06,0.9428,1.3546,2.1577,3.9717
sexuality,Demographics,categorical_dist,% Bisexual,Sexual orientation,5.65,1.62,7.13,6.42,4.32,1.9102,4.0747,3.636,6.8946,4.4896,4.76,6.025,5.475,6.775,4.463,5.0947,2.457,1.8209,3.908,4.962,4.7788,5.2013,3.4153,6.7897,5.6687,2.127,4.2126,3.4224,6.5152
sexuality,Demographics,categorical_dist,% Other,Sexual orientation,1.52,0.51,1.15,1.98,1.18,0.7211,0.7951,1.1274,1.4252,0.8433,1.11,1.25,1.62,1.565,1.3807,1.4751,0.7177,0.3336,1.238,1.2098,1.1123,1.5157,0.8764,1.5478,1.155,0.6035,1.2709,0.7785,1.3793
sexuality,Demographics,categorical_dist,% Prefer not to say,Sexual orientation,1.79,1.16,2.89,2.79,2.04,0.9791,1.9307,1.8446,2.8568,2.061,1.785,2.09,2.4525,2.84,2.1254,2.3167,1.4328,1.2433,1.046,2.1902,2.097,2.3548,1.6676,2.842,2.1375,1.3278,2.0326,1.6352,2.5973
employ,Employment & Labor,categorical_dist,% Full-time,Employment status,38.26,34.54,37.9,37.17,38.52,35.8215,36.0369,35.6446,37.6579,36.2899,37.92,38.025,37.7775,37.535,36.0977,38.022,35.7738,38.1611,38.066,36.9008,36.8423,37.9534,35.9196,37.5501,37.9413,35.7623,36.4884,36.0073,37.7452
employ,Employment & Labor,categorical_dist,% Part-time,Employment status,10.8,9.83,11.62,13.18,11.95,10.8326,10.6274,11.237,12.1373,10.7622,12.055,10.67,12.6265,12.4,11.8142,12.4037,10.4872,8.8402,10.828,11.6485,11.3029,12.4662,10.8765,12.3677,11.6,10.0641,11.6891,10.7183,11.8337
employ,Employment & Labor,categorical_dist,% Temporarily laid off,Employment status,0.82,0.39,1.38,1.7,0.67,0.6651,0.831,0.9402,1.4861,0.9056,1.25,0.95,1.2365,1.54,1.1659,1.05,0.4768,0.3949,0.76,1.1271,1.033,1.1023,0.8204,1.5334,1.2075,0.4403,1.0011,0.7881,1.3535
employ,Employment & Labor,categorical_dist,% Unemployed,Employment status,8.1,5.65,8.92,14.2,7.98,6.4943,7.1068,9.241,10.6708,7.353,8.405,7.355,11.401,11.56,10.7142,10.2746,6.3723,5.6206,6.63,9.3322,8.6321,10.5905,7.568,11.4505,8.2712,6.0585,9.7446,6.9437,9.861
employ,Employment & Labor,categorical_dist,% Retired,Employment status,22.79,32.21,17.28,11.38,17.75,29.0591,25.5587,23.4614,15.3236,24.4345,20.565,23.545,14.2465,14.33,19.8724,15.4001,27.7274,30.5636,27.426,20.0913,21.7527,15.0766,25.7163,14.4523,20.4888,29.4133,20.3803,26.5381,17.4616
employ,Employment & Labor,categorical_dist,% Permanently disabled,Employment status,6.28,6.99,6.31,6.58,8.49,6.6357,6.6871,6.8178,6.3995,6.6359,6.18,5.715,7.4395,6.445,6.7472,7.7854,7.455,6.2207,5.492,6.7156,6.6183,7.6884,6.7314,6.4394,6.0962,7.1458,7.1339,6.6614,6.2336
employ,Employment & Labor,categorical_dist,% Homemaker,Employment status,6.22,7.04,6.3,6.91,9.05,6.5726,6.7103,6.9854,6.5023,6.6546,6.05,5.43,7.873,6.605,6.963,8.2606,7.6631,6.6333,5.056,6.8409,6.6939,8.1519,6.7793,6.5924,5.9575,7.338,7.4096,6.6551,6.238
employ,Employment & Labor,categorical_dist,% Student,Employment status,4.58,1.81,7.49,6.23,2.97,2.3791,4.3404,3.6664,7.0722,4.7681,5.405,6.015,4.763,6.86,4.428,4.1726,2.1696,1.908,4.052,5.0125,4.8642,4.3382,3.6474,6.8861,6.0788,2.0295,3.9173,3.7579,6.6747
employ,Employment & Labor,categorical_dist,% Other,Employment status,2.14,1.55,2.81,2.67,2.61,1.5462,2.1113,2.0204,2.7636,2.2062,2.175,2.3,2.643,2.74,2.2134,2.6321,1.8786,1.6627,1.69,2.3413,2.2701,2.6352,1.9508,2.7429,2.365,1.7539,2.2457,1.9388,2.6096
union,Employment & Labor,categorical_dist,% Current member,Labor union membership,5.75,4.1,6.41,4.39,4.58,4.59,5.1291,4.2218,5.7402,5.303,5.905,7.22,4.4755,5.4,4.2718,4.5099,4.2488,4.7909,6.978,5.0674,5.2475,4.5003,4.7384,5.4419,6.36,4.2837,4.3235,4.9784,6.0428
union,Employment & Labor,categorical_dist,% Former member,Labor union membership,16.02,16.9,15.76,9.13,14.3,15.3509,16.3921,13.6366,13.5615,16.3063,14.275,18.69,11.4565,12.445,12.2978,12.3928,16.094,19.5068,18.088,14.0031,14.9849,12.1302,15.3193,12.5824,15.75,16.8118,13.0771,16.0307,14.6297
union,Employment & Labor,categorical_dist,% Never member,Labor union membership,78.23,79.0,77.83,86.48,81.12,80.0591,78.4788,82.1416,80.6983,78.3907,79.82,74.09,84.068,82.155,83.4304,83.0973,79.6572,75.7072,74.934,80.9295,79.7677,83.3695,79.9423,81.9757,77.89,78.9051,82.5994,78.9909,79.3275
unionhh,Employment & Labor,categorical_dist,% Currently member,Household union membership,6.42,4.99,8.18,5.44,8.37,5.1332,6.4111,5.179,7.2714,6.6514,6.775,7.785,6.7585,6.81,5.2565,7.2891,6.0378,4.9655,6.582,6.452,6.5109,7.1403,5.7748,6.8668,7.3788,5.5852,5.8932,6.0252,7.2879
unionhh,Employment & Labor,categorical_dist,% Formerly member,Household union membership,10.65,11.32,9.46,5.77,8.28,10.8451,10.4914,8.989,8.2364,10.3513,9.76,12.385,6.8995,7.615,8.0327,7.3541,10.3776,12.545,13.21,8.9338,9.6206,7.2266,10.1269,7.6915,10.3412,10.9565,8.3396,10.586,9.2117
unionhh,Employment & Labor,categorical_dist,% Never member,Household union membership,75.05,78.44,72.73,73.4,74.73,78.3081,75.8962,76.3232,72.9522,75.4662,75.41,71.925,73.9985,73.065,75.4548,74.2394,77.2899,78.3469,73.908,74.8711,74.9226,74.1718,76.6035,73.0511,73.8688,77.7695,75.5331,76.6285,72.9272
unionhh,Employment & Labor,categorical_dist,% Not sure,Household union membership,7.89,5.25,9.63,15.38,8.61,5.7136,7.2013,9.5046,11.5367,7.5311,8.055,7.91,12.3335,12.505,11.25,11.1075,6.2916,4.1377,6.306,9.7395,8.9438,11.4513,7.4934,12.3858,8.4125,5.6863,10.2278,6.7604,10.5719
hadjob,Employment & Labor,binary,% Supporting,Had a job in the past 5 years (% Yes),44.9808,40.4569,46.7077,53.1052,43.6933,40.1734,43.2416,45.7692,48.8291,43.7123,43.2062,44.2746,48.8698,49.9065,47.9485,47.1653,41.4602,40.4311,40.9867,46.0819,45.2061,47.6433,43.1793,49.7738,44.3487,41.0265,46.4697,42.2973,47.5013
gigwork,Employment & Labor,binary,% Supporting,Gig / freelance work (% Yes),17.4966,13.524,19.9345,27.1204,20.7645,16.5645,16.3799,19.2345,22.3173,16.8626,20.7628,15.9811,24.2602,23.5275,21.5771,23.1092,15.7686,11.5888,15.853,20.3343,18.9849,23.432,17.311,23.3785,19.3603,14.5302,20.7816,16.5219,20.9226
investor,Employment & Labor,binary,% Supporting,Owns stocks or mutual funds (% Yes),43.1723,45.0794,40.0528,27.9123,36.5457,43.3582,42.84,37.8692,36.027,42.4615,40.2828,48.2037,31.7973,33.9825,34.9113,33.3608,42.434,49.1463,50.0179,37.9483,40.0439,32.9224,41.4828,34.2342,42.2055,44.1487,36.0442,42.9496,38.8436
milstat_1,Demographics,binary,% Supporting,Currently serving in military (% Yes),0.5149,0.081,0.3496,1.1736,1.1428,0.4743,0.2007,0.5399,0.6228,0.2209,0.737,0.2651,1.1597,0.7616,0.7281,1.1542,0.4102,0.3246,0.5582,0.6193,0.503,1.1557,0.3805,0.7445,0.5222,0.3039,0.7655,0.2953,0.5692
milstat_3,Demographics,binary,% Supporting,Previously served in military (% Yes),9.4919,13.5638,6.6521,5.5362,9.5049,11.7491,10.4846,10.1922,6.2821,9.9642,7.7006,7.3184,7.3221,6.0941,8.8091,8.0408,12.3055,15.777,8.2905,8.5117,8.9753,7.8393,10.6893,6.1173,7.3429,13.1609,9.3244,10.8194,6.6026
presvote20post,Voting History,categorical_dist,% Biden,2020 Presidential vote,40.12,11.86,61.77,37.88,9.75,19.903,34.0949,22.7884,53.8481,37.8531,47.485,73.585,25.2215,49.825,27.2716,20.1272,11.2059,6.8816,64.52,36.4847,38.3179,21.5558,27.1331,50.3202,57.5812,10.775,22.3785,29.9906,57.2822
presvote20post,Voting History,categorical_dist,% Trump,2020 Presidential vote,35.84,69.38,6.73,16.33,58.22,59.0115,41.4694,47.099,9.9134,36.7519,24.3,4.765,35.1805,11.53,37.9585,42.7668,65.9204,79.1751,18.428,31.984,32.8245,40.6394,47.5645,11.331,15.0238,68.8024,44.6705,46.5305,10.0883
presvote20post,Voting History,categorical_dist,% Jorgensen,2020 Presidential vote,0.89,1.2,1.15,1.15,1.03,1.151,1.1777,1.179,1.15,1.174,1.11,0.775,1.096,1.15,1.1704,1.0743,1.1473,0.9648,0.668,1.14,1.1115,1.0804,1.1689,1.15,1.0363,1.1363,1.143,1.1682,1.0621
presvote20post,Voting History,categorical_dist,% Hawkins,2020 Presidential vote,0.26,0.09,0.42,0.16,0.13,0.0598,0.237,0.1194,0.3338,0.2619,0.215,0.32,0.1465,0.29,0.1315,0.1411,0.1024,0.0557,0.136,0.2122,0.2204,0.1426,0.158,0.2954,0.2925,0.0922,0.1279,0.1821,0.3156
presvote20post,Voting History,categorical_dist,% Other,2020 Presidential vote,0.48,0.42,0.37,0.44,0.55,0.5481,0.3977,0.4284,0.3932,0.394,0.565,0.32,0.4895,0.405,0.4318,0.5094,0.4603,0.4102,0.466,0.4411,0.4229,0.5038,0.4473,0.4035,0.455,0.4416,0.4559,0.4472,0.3917
presvote20post,Voting History,categorical_dist,% Did not vote,2020 Presidential vote,22.42,17.04,29.56,44.03,30.32,19.3202,22.6177,28.3758,34.3583,23.5604,26.325,20.235,37.8605,36.795,33.0262,35.3776,21.1568,12.5124,15.782,29.7327,27.098,36.0739,23.5212,36.4951,25.6112,18.7457,31.2162,21.6756,30.8576
presvote16post,Voting History,categorical_dist,% Clinton,2016 Presidential vote,29.16,8.07,44.66,26.43,6.02,14.0514,24.3708,15.7812,38.6149,27.1261,34.3,56.01,17.2455,35.545,18.9446,13.5492,7.4345,5.0859,49.992,25.9535,27.5987,14.5858,19.1986,35.9229,42.3175,7.2806,15.3735,21.3902,41.8055
presvote16post,Voting History,categorical_dist,% Trump,2016 Presidential vote,31.95,61.68,7.04,13.41,47.69,52.8869,37.3379,41.4066,9.1523,33.2235,22.695,5.82,28.836,10.225,33.0897,35.0441,57.3431,69.3142,18.1,28.2113,29.2227,33.3032,42.4271,10.093,14.5625,60.2924,38.3872,41.8352,9.6001
presvote16post,Voting History,categorical_dist,% Johnson,2016 Presidential vote,2.55,2.3,2.98,1.9,3.26,2.4357,2.6029,2.132,2.6219,2.6541,2.82,2.885,2.512,2.44,2.0631,2.7583,2.5976,2.4421,2.738,2.5158,2.5605,2.6892,2.4399,2.4624,2.8762,2.4904,2.3341,2.5557,2.6729
presvote16post,Voting History,categorical_dist,% Stein,2016 Presidential vote,1.2,0.34,1.2,1.74,0.58,0.5398,0.7231,0.928,1.3791,0.7879,1.035,1.435,1.218,1.47,1.1692,1.0079,0.4144,0.34,1.35,1.0561,1.0048,1.0668,0.7343,1.4588,1.1762,0.3825,0.9806,0.6728,1.3768
presvote16post,Voting History,categorical_dist,% McMullin,2016 Presidential vote,0.47,0.55,0.47,0.33,0.43,0.5048,0.5144,0.4576,0.4236,0.5083,0.45,0.51,0.375,0.4,0.4197,0.3931,0.5128,0.5794,0.502,0.4475,0.4688,0.388,0.4946,0.4029,0.47,0.5329,0.432,0.5102,0.4421
presvote16post,Voting History,categorical_dist,% Other,2016 Presidential vote,1.19,1.1,1.3,1.26,1.23,1.1754,1.1891,1.1672,1.2867,1.2042,1.3,1.24,1.2465,1.28,1.1948,1.2411,1.1403,1.2078,1.228,1.2308,1.222,1.2426,1.1809,1.2808,1.285,1.1384,1.1949,1.1871,1.2763
presvote16post,Voting History,categorical_dist,% Did not vote,2016 Presidential vote,33.49,25.96,42.35,54.93,40.79,28.4061,33.2617,38.1274,46.5215,34.4959,37.4,32.105,48.567,48.64,43.1189,46.0062,30.5573,21.0306,26.096,40.5851,37.9231,46.7243,33.5248,48.3792,37.3138,27.8828,41.2978,31.8489,42.8274
gunown,Demographics,categorical_dist,% Personally owns,Personal gun ownership,27.39,39.18,18.17,18.83,37.32,35.3319,29.82,30.633,18.3889,28.238,23.57,17.59,27.1505,18.5,27.1267,30.499,38.6034,46.8877,21.794,26.0476,26.603,29.56,31.4931,18.4863,20.725,39.9516,30.2125,31.3936,18.6284
gunown,Demographics,categorical_dist,"% HH owns, not me",Personal gun ownership,12.64,12.78,13.26,14.22,15.34,12.8667,12.9938,13.3848,13.5783,13.03,13.135,12.445,14.724,13.74,13.6329,14.9268,13.5736,10.673,12.182,13.5428,13.2836,14.8699,13.1034,13.7201,12.9938,12.9325,13.9272,12.9575,13.3087
gunown,Demographics,categorical_dist,% No one in HH,Personal gun ownership,59.96,48.05,68.57,66.96,47.35,51.8115,57.1917,55.9922,68.0361,58.7368,63.3,69.965,58.1355,67.765,59.2504,54.5841,47.833,42.4444,66.028,60.4163,60.1195,55.58,55.4116,67.7984,66.2838,47.1252,55.8703,55.6558,68.0658
