state_fips,state_abbr,candidate_a,candidate_b,votes_a_beats_b,votes_b_beats_a,margin,margin_pct,locked,lock_order,rp_winner_overall
1,AL,CON/CTR,CON/REF,394.7694967135681,331.4386021675056,63.33,8.7208,True,4,CON/STY
1,AL,CON/CTR,CON/STY,338.03219886562977,388.175900015444,50.14,6.9049,True,8,CON/STY
1,AL,CON/CTR,STY,329.00224090703614,397.2058579740376,68.2,9.3917,True,2,CON/STY
1,AL,CON/CTR,STY/SD,370.73054240035185,355.4775564807219,15.25,2.1004,False,10,CON/STY
1,AL,CON/REF,CON/STY,296.5207002570016,429.6873986240721,133.17,18.3373,True,1,CON/STY
1,AL,CON/REF,STY,329.84295890164583,396.3651399794278,66.52,9.1602,True,3,CON/STY
1,AL,CON/REF,STY/SD,337.62948993345105,388.57860894762257,50.95,7.0158,True,7,CON/STY
1,AL,CON/STY,STY,390.55497531761534,335.6531235634584,54.9,7.5601,True,6,CON/STY
1,AL,CON/STY,STY/SD,392.48667845775617,333.7214204233175,58.77,8.0921,True,5,CON/STY
1,AL,STY,STY/SD,349.50822673876803,376.6998721423057,27.19,3.7443,True,9,CON/STY
2,AK,CTR,CTR/REF,79.32630810382437,51.312029860949046,28.01,21.4441,True,6,CTR
2,AK,CTR,LIB,90.36063978886801,40.27769817590539,50.08,38.3371,True,1,CTR
2,AK,CTR,SD,74.64680742794363,55.99153053682978,18.66,14.2801,True,9,CTR
2,AK,CTR,STY/REF,90.07342027448803,40.5649176902854,49.51,37.8974,True,2,CTR
2,AK,CTR/REF,LIB,85.47610201960583,45.16223594516761,40.31,30.8591,True,4,CTR
2,AK,CTR/REF,SD,76.27086964990133,54.36746831487208,21.9,16.7664,True,7,CTR
2,AK,CTR/REF,STY/REF,69.87045606249934,60.76788190227408,9.1,6.9678,True,10,CTR
2,AK,LIB,SD,49.3269627242387,81.31137524053472,31.98,24.4832,True,5,CTR
2,AK,LIB,STY/REF,43.60903802148175,87.02929994329168,43.42,33.237,True,3,CTR
2,AK,SD,STY/REF,54.94319177801874,75.69514618675467,20.75,15.885,True,8,CTR
4,AZ,CON/CTR,CTR,608.3733622909153,551.7318851935097,56.64,4.8824,True,2,STY
4,AZ,CON/CTR,REF/STY,571.038099704259,589.0671477801661,18.03,1.5541,True,7,STY
4,AZ,CON/CTR,STY,570.354655109558,589.750592374867,19.4,1.6719,True,5,STY
4,AZ,CON/CTR,STY/SD,565.634969726959,594.4702777574661,28.84,2.4856,True,4,STY
4,AZ,CTR,REF/STY,584.7921290499135,575.3131184345116,9.48,0.8171,False,9,STY
4,AZ,CTR,STY,572.557263701722,587.547983782703,14.99,1.2922,True,8,STY
4,AZ,CTR,STY/SD,536.9121670813058,623.1930804031192,86.28,7.4373,True,1,STY
4,AZ,REF/STY,STY,556.0672274270177,604.0380200574074,47.97,4.135,True,3,STY
4,AZ,REF/STY,STY/SD,581.9738193327441,578.1314281516809,3.84,0.3312,True,10,STY
4,AZ,STY,STY/SD,589.6513746886134,570.4538727958117,19.2,1.6548,True,6,STY
5,AR,CON,CON/NAT,221.73400291274098,190.4479558072196,31.29,7.5903,True,7,CON/STY
5,AR,CON,CON/STY,182.89486685425175,229.28709186570887,46.39,11.2553,True,4,CON/STY
5,AR,CON,CTR,244.31091469328177,167.87104402667887,76.44,18.5452,True,2,CON/STY
5,AR,CON,SD/LIB,189.89136722600705,222.29059149395357,32.4,7.8604,True,6,CON/STY
5,AR,CON/NAT,CON/STY,197.43222658285708,214.74973213710356,17.32,4.2014,True,10,CON/STY
5,AR,CON/NAT,CTR,252.08085021411028,160.1011085058503,91.98,22.3153,True,1,CON/STY
5,AR,CON/NAT,SD/LIB,221.037673366151,191.14428535380955,29.89,7.2525,False,9,CON/STY
5,AR,CON/STY,CTR,221.4294190015047,190.75253971845592,30.68,7.4426,True,8,CON/STY
5,AR,CON/STY,SD/LIB,239.98999474280268,172.19196397715794,67.8,16.4486,True,3,CON/STY
5,AR,CTR,SD/LIB,183.17458921132493,229.0073695086357,45.83,11.1196,True,5,CON/STY
6,CA,CON/REF,SD/LIB,1946.4471996509915,2019.725075998903,73.28,1.8476,True,9,SD/STY
6,CA,CON/REF,SD/STY,1773.305051250758,2192.867224399137,419.56,10.5785,True,1,SD/STY
6,CA,CON/REF,STY,1865.2544394429892,2100.917836206905,235.66,5.9418,True,5,SD/STY
6,CA,CON/REF,STY/REF,1961.2739547366937,2004.8983209132007,43.62,1.0999,True,10,SD/STY
6,CA,SD/LIB,SD/STY,1831.217149460709,2134.9551261891856,303.74,7.6582,True,3,SD/STY
6,CA,SD/LIB,STY,1871.965262152139,2094.2070134977553,222.24,5.6034,True,6,SD/STY
6,CA,SD/LIB,STY/REF,2028.0081768046834,1938.164098845211,89.84,2.2653,True,8,SD/STY
6,CA,SD/STY,STY,2079.1214840255957,1887.0507916242989,192.07,4.8427,True,7,SD/STY
6,CA,SD/STY,STY/REF,2141.6471606676187,1824.5251149822757,317.12,7.9957,True,2,SD/STY
6,CA,STY,STY/REF,2105.0026978469796,1861.169577802915,243.83,6.1478,True,4,SD/STY
8,CO,CON/CTR,CON/SD,387.1076183264361,440.17767836794997,53.07,6.415,True,5,CON/SD
8,CO,CON/CTR,REF,417.463553212451,409.8217434819351,7.64,0.9237,True,10,CON/SD
8,CO,CON/CTR,SD,377.96438797404244,449.32090872034365,71.36,8.6254,True,4,CON/SD
8,CO,CON/CTR,SD/LIB,440.06144333427636,387.22385336010973,52.84,6.3869,True,6,CON/SD
8,CO,CON/SD,REF,482.87720346866115,344.40809322572494,138.47,16.7378,True,1,CON/SD
8,CO,CON/SD,SD,428.6162575369997,398.6690391573864,29.95,3.6199,True,9,CON/SD
8,CO,CON/SD,SD/LIB,482.20896503205296,345.07633166233313,137.13,16.5762,True,2,CON/SD
8,CO,REF,SD,376.65086413021095,450.6344325641751,73.98,8.9429,True,3,CON/SD
8,CO,REF,SD/LIB,389.60226847049796,437.6830282238881,48.08,5.8119,True,7,CON/SD
8,CO,SD,SD/LIB,432.5512803626642,394.73401633172193,37.82,4.5712,True,8,CON/SD
9,CT,CON/STY,SD,260.7500780790218,223.40443982239168,37.35,7.7136,True,6,CON/STY
9,CT,CON/STY,SD/LIB,273.1908183519979,210.96369954941562,62.23,12.8527,True,1,CON/STY
9,CT,CON/STY,SD/STY,268.14566989513224,216.0088480062812,52.14,10.7686,True,3,CON/STY
9,CT,CON/STY,STY/REF,268.1096545621083,216.0448633393052,52.06,10.7538,True,4,CON/STY
9,CT,SD,SD/LIB,272.9273307479725,211.22718715344098,61.7,12.7439,True,2,CON/STY
9,CT,SD,SD/STY,222.0746762653903,262.0798416360231,40.01,8.2629,True,5,CON/STY
9,CT,SD,STY/REF,256.05332938334,228.10118851807349,27.95,5.7734,True,7,CON/STY
9,CT,SD/LIB,SD/STY,232.22915552731888,251.92536237409456,19.7,4.0682,True,9,CON/STY
9,CT,SD/LIB,STY/REF,255.58960585007037,228.5649120513431,27.02,5.5818,True,8,CON/STY
9,CT,SD/STY,STY/REF,244.70991695531538,239.4446009460981,5.27,1.0875,True,10,CON/STY
10,DE,CON,CON/REF,93.63406204859879,123.31618084200728,29.68,13.6815,True,7,SD/CON
10,DE,CON,SD,127.552700146028,89.39754274457808,38.16,17.5871,True,3,SD/CON
10,DE,CON,SD/CON,106.79159602214753,110.15864686845855,3.37,1.552,True,10,SD/CON
10,DE,CON,SD/CTR,92.99770609599584,123.95253679461024,30.95,14.2682,True,6,SD/CON
10,DE,CON/REF,SD,115.40627725772079,101.54396563288529,13.86,6.3896,True,8,SD/CON
10,DE,CON/REF,SD/CON,91.60275084113768,125.34749204946837,33.74,15.5541,True,4,SD/CON
10,DE,CON/REF,SD/CTR,104.92668605678499,112.02355683382109,7.1,3.2712,True,9,SD/CON
10,DE,SD,SD/CON,84.06312861899455,132.88711427161152,48.82,22.5047,True,1,SD/CON
10,DE,SD,SD/CTR,84.359608385618,132.5906345049881,48.23,22.2314,True,2,SD/CON
10,DE,SD/CON,SD/CTR,124.43892179644418,92.5113210941619,31.93,14.7166,True,5,SD/CON
11,DC,LIB,PRG,55.187191615134076,62.1701572927565,6.98,5.9502,True,7,SD/STY
11,DC,LIB,SD,57.06630901708891,60.291039890801656,3.22,2.7478,True,10,SD/STY
11,DC,LIB,SD/STY,60.39412251497012,56.96322639292044,3.43,2.9235,False,9,SD/STY
11,DC,LIB,STY/REF,64.16165926239589,53.195689645494696,10.97,9.3441,True,6,SD/STY
11,DC,PRG,SD,48.351829533477954,69.00551937441261,20.65,17.599,True,3,SD/STY
11,DC,PRG,SD/STY,52.99422002233734,64.36312888555322,11.37,9.6874,True,5,SD/STY
11,DC,PRG,STY/REF,69.17485503201904,48.18249387587152,20.99,17.8876,True,2,SD/STY
11,DC,SD,SD/STY,55.9606020476007,61.39674686028987,5.44,4.6321,True,8,SD/STY
11,DC,SD,STY/REF,68.67354451378584,48.68380439410471,19.99,17.0332,True,4,SD/STY
11,DC,SD/STY,STY/REF,76.33380540833414,41.02354349955641,35.31,30.0878,True,1,SD/STY
12,FL,CON/CTR,CTR,1637.0346536164388,1547.0986249504238,89.94,2.8245,True,8,CON/CTR
12,FL,CON/CTR,SD,1652.3716820419515,1531.761596524911,120.61,3.7878,True,5,CON/CTR
12,FL,CON/CTR,STY,1597.7170355211776,1586.416243045685,11.3,0.3549,True,10,CON/CTR
12,FL,CON/CTR,STY/REF,1627.239153250244,1556.8941253166186,70.35,2.2092,True,9,CON/CTR
12,FL,CTR,SD,1522.836818288939,1661.2964602779236,138.46,4.3484,True,4,CON/CTR
12,FL,CTR,STY,1507.8552040458503,1676.2780745210125,168.42,5.2894,True,3,CON/CTR
12,FL,CTR,STY/REF,1679.6841764710848,1504.4491020957778,175.24,5.5034,True,1,CON/CTR
12,FL,SD,STY,1507.431814307896,1676.7014642589666,169.27,5.316,True,2,CON/CTR
12,FL,SD,STY/REF,1648.3047032757695,1535.828575291093,112.48,3.5324,True,6,CON/CTR
12,FL,STY,STY/REF,1645.696570951642,1538.436707615221,107.26,3.3686,True,7,CON/CTR
13,GA,CON/SD,CON/STY,792.3568603277731,680.0339647554584,112.32,7.6286,True,3,CON/SD
13,GA,CON/SD,CTR,823.0517095049572,649.3391155782742,173.71,11.798,True,1,CON/SD
13,GA,CON/SD,SD,796.91697918758,675.4738458956515,121.44,8.248,True,2,CON/SD
13,GA,CON/SD,STY,791.3852549187936,681.0055701644379,110.38,7.4966,True,4,CON/SD
13,GA,CON/STY,CTR,700.2900302027077,772.1007948805238,71.81,4.8772,True,7,CON/SD
13,GA,CON/STY,SD,734.3991310023528,737.9916940808788,3.59,0.244,True,9,CON/SD
13,GA,CON/STY,STY,735.8915897612434,736.4992353219882,0.61,0.0413,True,10,CON/SD
13,GA,CTR,SD,752.7048443279831,719.6859807552485,33.02,2.2425,True,8,CON/SD
13,GA,CTR,STY,697.9801819743532,774.4106431088783,76.43,5.1909,True,6,CON/SD
13,GA,SD,STY,688.5031879640022,783.8876371192291,95.38,6.4782,True,5,CON/SD
15,HI,SD,SD/CON,114.76434229838412,88.38274770327953,26.38,12.9864,True,7,SD/STY
15,HI,SD,SD/LIB,131.9043287107392,71.24276129092448,60.66,29.8609,True,2,SD/STY
15,HI,SD,SD/STY,101.4663140395188,101.68077596214485,0.21,0.1056,True,10,SD/STY
15,HI,SD,STY/REF,120.01065301456813,83.13643698709554,36.87,18.1515,True,4,SD/STY
15,HI,SD/CON,SD/LIB,114.50481538336552,88.64227461829815,25.86,12.7309,True,8,SD/STY
15,HI,SD/CON,SD/STY,93.64816157101848,109.49892843064518,15.85,7.8026,True,9,SD/STY
15,HI,SD/CON,STY/REF,115.67027007612849,87.47681992553518,28.19,13.8783,True,5,SD/STY
15,HI,SD/LIB,SD/STY,78.52347802250065,124.623611979163,46.1,22.693,True,3,SD/STY
15,HI,SD/LIB,STY/REF,133.17886478277705,69.96822521888659,63.21,31.1157,True,1,SD/STY
15,HI,SD/STY,STY/REF,115.58402075240026,87.5630692492634,28.02,13.7934,True,6,SD/STY
16,ID,CON/CTR,CON/REF,161.48746609390824,163.83827152327802,2.35,0.7226,True,9,CON/REF
16,ID,CON/CTR,LIB,192.4172506125583,132.908487004628,59.51,18.2921,True,2,CON/REF
16,ID,CON/CTR,REF,161.10687175921998,164.2188658579663,3.11,0.9566,True,8,CON/REF
16,ID,CON/CTR,STY,162.98223806580603,162.34349955138026,0.64,0.1963,False,10,CON/REF
16,ID,CON/REF,LIB,183.9076305429109,141.41810707427535,42.49,13.0606,True,4,CON/REF
16,ID,CON/REF,REF,175.36141555129132,149.96432206589503,25.4,7.8067,True,5,CON/REF
16,ID,CON/REF,STY,165.32895296996907,159.99678464721723,5.33,1.639,True,7,CON/REF
16,ID,LIB,REF,156.79227512125559,168.53346249593073,11.74,3.6091,True,6,CON/REF
16,ID,LIB,STY,122.52259272224958,202.80314489493668,80.28,24.677,True,1,CON/REF
16,ID,REF,STY,136.06470192929297,189.26103568789335,53.2,16.3517,True,3,CON/REF
17,IL,SD,SD/CTR,763.3097126090829,697.0221235577816,66.29,4.5392,True,1,SD
17,IL,SD,SD/STY,735.0673989943127,725.2644371725517,9.8,0.6713,True,10,SD
17,IL,SD,STY,748.4804174293797,711.8514187374849,36.63,2.5083,True,5,SD
17,IL,SD,STY/REF,754.1623104064316,706.1695257604329,47.99,3.2864,True,3,SD
17,IL,SD/CTR,SD/STY,758.4380610751332,701.8937750917313,56.54,3.872,True,2,SD
17,IL,SD/CTR,STY,741.6434302807173,718.6884058861473,22.96,1.5719,True,7,SD
17,IL,SD/CTR,STY/REF,752.4064295231349,707.9254066437296,44.48,3.046,True,4,SD
17,IL,SD/STY,STY,736.5877646083896,723.744071558475,12.84,0.8795,True,9,SD
17,IL,SD/STY,STY/REF,738.8266680776297,721.5051680892348,17.32,1.1861,True,8,SD
17,IL,STY,STY/REF,742.6623073413538,717.6695288255107,24.99,1.7114,True,6,SD
18,IN,CON/REF,REF,520.0437506211271,474.9453426746494,45.1,4.5326,True,4,CON/REF
18,IN,CON/REF,SD,503.6681078368772,491.3209854588992,12.35,1.2409,True,10,CON/REF
18,IN,CON/REF,SD/LIB,515.4430985042441,479.5459947915322,35.9,3.6078,True,6,CON/REF
18,IN,CON/REF,SD/STY,516.1200398488909,478.8690534468855,37.25,3.7439,True,5,CON/REF
18,IN,REF,SD,461.7662458269356,533.2228474688409,71.46,7.1816,True,1,CON/REF
18,IN,REF,SD/LIB,488.99529490703185,505.9937983887446,17.0,1.7084,True,9,CON/REF
18,IN,REF,SD/STY,484.3421336162827,510.64695967949376,26.3,2.6437,True,7,CON/REF
18,IN,SD,SD/LIB,486.10703482506375,508.8820584707126,22.78,2.289,True,8,CON/REF
18,IN,SD,SD/STY,526.1906074377537,468.7984858580227,57.39,5.7681,True,2,CON/REF
18,IN,SD/LIB,SD/STY,520.0894031044334,474.8996901913429,45.19,4.5417,True,3,CON/REF
19,IA,CON,CON/CTR,256.8504646782185,189.94075453991582,66.91,14.9756,True,1,SD/STY
19,IA,CON,SD/STY,211.8213220509803,234.96989716715387,23.15,5.1811,True,6,SD/STY
19,IA,CON,STY,251.37318006004813,195.41803915808606,55.96,12.5238,True,3,SD/STY
19,IA,CON,STY/REF,237.71500708119217,209.07621213694208,28.64,6.4099,True,5,SD/STY
19,IA,CON/CTR,SD/STY,226.7506755259804,220.04054369215385,6.71,1.5018,False,8,SD/STY
19,IA,CON/CTR,STY,213.87432635825084,232.91689285988335,19.04,4.2621,True,7,SD/STY
19,IA,CON/CTR,STY/REF,254.80139310546917,191.989826112665,62.81,14.0584,True,2,SD/STY
19,IA,SD/STY,STY,250.39160675877272,196.39961245936152,53.99,12.0844,True,4,SD/STY
19,IA,SD/STY,STY/REF,224.2017845382304,222.58943467990383,1.61,0.3609,True,10,SD/STY
19,IA,STY,STY/REF,221.21327867693574,225.57794054119847,4.36,0.9769,False,9,SD/STY
20,KS,CON/CTR,CON/REF,149.65329861208266,223.0463873097883,73.39,19.6923,True,1,CON/REF
20,KS,CON/CTR,CTR,193.19949017846034,179.50019574341053,13.7,3.6757,True,9,CON/REF
20,KS,CON/CTR,LIB/SD,194.39102401006568,178.30866191180525,16.08,4.3151,True,8,CON/REF
20,KS,CON/CTR,STY,207.7314743252653,164.9682115966056,42.76,11.4739,True,6,CON/REF
20,KS,CON/REF,CTR,213.91299902884208,158.78668689302884,55.13,14.7911,True,3,CON/REF
20,KS,CON/REF,LIB/SD,205.33981409806188,167.35987182380902,37.98,10.1905,True,7,CON/REF
20,KS,CON/REF,STY,214.18646085717177,158.51322506469913,55.67,14.9378,True,2,CON/REF
20,KS,CTR,LIB/SD,159.2510483278041,213.4486375940668,54.2,14.5419,True,4,CON/REF
20,KS,CTR,STY,182.943589020733,189.75609690113794,6.81,1.8279,True,10,CON/REF
20,KS,LIB/SD,STY,208.6141881830104,164.0854977388605,44.53,11.9476,True,5,CON/REF
21,KY,CON,CON/CTR,348.3553505675234,369.56992934375126,21.21,2.955,True,7,CON/CTR
21,KY,CON,SD,369.43111222497134,348.49416768630323,20.94,2.9163,True,8,CON/CTR
21,KY,CON,STY/REF,354.7088027353118,363.2164771759628,8.51,1.185,True,9,CON/CTR
21,KY,CON,STY/SD,374.4021256798326,343.52315423144205,30.88,4.3011,True,6,CON/CTR
21,KY,CON/CTR,SD,398.2102530234189,319.7150268878557,78.5,10.9336,True,1,CON/CTR
21,KY,CON/CTR,STY/REF,379.2214303322187,338.7038495790559,40.52,5.6437,True,4,CON/CTR
21,KY,CON/CTR,STY/SD,388.7407855162402,329.18449439503445,59.56,8.2956,True,3,CON/CTR
21,KY,SD,STY/REF,324.0600720664867,393.8652078447879,69.81,9.7232,True,2,CON/CTR
21,KY,SD,STY/SD,360.15815441327936,357.7671254979952,2.39,0.333,True,10,CON/CTR
21,KY,STY/REF,STY/SD,377.91505202118225,340.0102278900923,37.9,5.2798,True,5,CON/CTR
22,LA,CON,CON/CTR,246.62654921294467,261.7820325511509,15.16,2.981,False,7,CON
22,LA,CON,CON/STY,269.8871683771933,238.52141338690237,31.37,6.1694,True,5,CON
22,LA,CON,STY/REF,285.8328048570597,222.57577690703587,63.26,12.4422,True,2,CON
22,LA,CON,STY/SD,247.6585856593827,260.7499961047129,13.09,2.575,False,9,CON
22,LA,CON/CTR,CON/STY,237.1118499764284,271.2967317876672,34.18,6.7239,True,4,CON
22,LA,CON/CTR,STY/REF,284.1657471259239,224.24283463817173,59.92,11.7864,True,3,CON
22,LA,CON/CTR,STY/SD,261.71020053733895,246.69838122675668,15.01,2.9527,True,8,CON
22,LA,CON/STY,STY/REF,267.0123062466357,241.3962755174599,25.62,5.0385,True,6,CON
22,LA,CON/STY,STY/SD,259.2907398940115,249.11784187008413,10.17,2.0009,True,10,CON
22,LA,STY/REF,STY/SD,217.4068347224097,291.0017470416859,73.59,14.4755,True,1,CON
23,ME,LIB,REF/CON,117.01041840745873,126.14783592119477,9.14,3.7578,True,3,SD/LIB
23,ME,LIB,REF/STY,119.76581458490456,123.39243974374894,3.63,1.4915,True,9,SD/LIB
23,ME,LIB,SD,124.5354342938441,118.6228200348094,5.91,2.4316,False,7,SD/LIB
23,ME,LIB,SD/LIB,124.95659511699748,118.20165921165602,6.75,2.778,False,6,SD/LIB
23,ME,REF/CON,REF/STY,126.61005872245713,116.54819560619637,10.06,4.138,True,2,SD/LIB
23,ME,REF/CON,SD,106.93516486277342,136.22308946588007,29.29,12.0448,True,1,SD/LIB
23,ME,REF/CON,SD/LIB,118.03376316137357,125.12449116727991,7.09,2.9161,True,5,SD/LIB
23,ME,REF/STY,SD,120.80577154752817,122.35248278112533,1.55,0.6361,True,10,SD/LIB
23,ME,REF/STY,SD/LIB,117.40555384038312,125.75270048827035,8.35,3.4328,True,4,SD/LIB
23,ME,SD,SD/LIB,119.67116178222996,123.48709254642351,3.82,1.5693,True,8,SD/LIB
24,MD,LIB/PRG,SD,311.17169384874353,470.96753128380305,159.8,20.4306,True,1,SD/STY
24,MD,LIB/PRG,SD/LIB,397.3740141650652,384.7652109674814,12.61,1.6121,True,8,SD/STY
24,MD,LIB/PRG,SD/STY,350.82733801676,431.31188711578665,80.48,10.2903,True,4,SD/STY
24,MD,LIB/PRG,STY,320.29569365524196,461.8435314773046,141.55,18.0975,True,2,SD/STY
24,MD,SD,SD/LIB,429.80939659072885,352.32982854181785,77.48,9.9061,True,6,SD/STY
24,MD,SD,SD/STY,388.57222637980135,393.56699875274523,4.99,0.6386,True,9,SD/STY
24,MD,SD,STY,390.2540355864312,391.88518954611544,1.63,0.2086,True,10,SD/STY
24,MD,SD/LIB,SD/STY,330.7922307809323,451.3469943516144,120.55,15.4135,True,3,SD/STY
24,MD,SD/LIB,STY,352.0316018802633,430.1076232522834,78.08,9.9824,True,5,SD/STY
24,MD,SD/STY,STY,410.95666201652244,371.1825631160242,39.77,5.0853,True,7,SD/STY
25,MA,CTR,DSA,470.6335770156881,320.33406156853925,150.3,19.002,True,2,SD
25,MA,CTR,LIB,439.18823352269374,351.7794050615337,87.41,11.0509,True,6,SD
25,MA,CTR,SD,369.5685087622106,421.3991298220167,51.83,6.5528,True,8,SD
25,MA,CTR,SD/LIB,383.0017646003579,407.9658739838695,24.96,3.1561,True,9,SD
25,MA,DSA,LIB,388.38727241159484,402.5803661726325,14.19,1.7944,True,10,SD
25,MA,DSA,SD,323.2319584704044,467.735680113823,144.5,18.2692,True,4,SD
25,MA,DSA,SD/LIB,327.00624032009205,463.9613982641353,136.96,17.3149,True,5,SD
25,MA,LIB,SD,318.3116327323126,472.65600585191476,154.34,19.5134,True,1,SD
25,MA,LIB,SD/LIB,321.00367708516444,469.963961499063,148.96,18.8327,True,3,SD
25,MA,SD,SD/LIB,425.76617973929206,365.2014588449353,60.56,7.657,True,7,SD
26,MI,CON/NAT,CON/REF,645.6067277663392,683.9773955732887,38.37,2.8859,True,7,SD
26,MI,CON/NAT,SD,602.8054951072733,726.7786282323548,123.97,9.3242,True,1,SD
26,MI,CON/NAT,SD/LIB,639.0844291726479,690.49969416698,51.42,3.867,True,5,SD
26,MI,CON/NAT,SD/STY,625.1872430696865,704.3968802699417,79.21,5.9575,True,3,SD
26,MI,CON/REF,SD,659.000092859967,670.5840304796611,11.58,0.8712,True,10,SD
26,MI,CON/REF,SD/LIB,688.2244846451654,641.3596386944625,46.86,3.5248,True,6,SD
26,MI,CON/REF,SD/STY,649.7194888444799,679.864634495148,30.15,2.2673,True,8,SD
26,MI,SD,SD/LIB,699.6548932808029,629.929230058825,69.73,5.2442,True,4,SD
26,MI,SD,SD/STY,713.3744797678723,616.2096435717555,97.16,7.3079,True,2,SD
26,MI,SD/LIB,SD/STY,671.9189678521952,657.6651554874328,14.25,1.0721,False,9,SD
27,MN,CON/CTR,CON/REF,375.48408667574154,338.5306585147888,36.95,5.1754,True,9,SD/STY
27,MN,CON/CTR,PRG,390.0166053884461,323.9981398020842,66.02,9.2461,True,7,SD/STY
27,MN,CON/CTR,SD,354.6824480612798,359.3322971292505,4.65,0.6512,True,10,SD/STY
27,MN,CON/CTR,SD/STY,322.9201607950745,391.09458439545585,68.17,9.548,True,6,SD/STY
27,MN,CON/REF,PRG,394.3161571175053,319.698588073025,74.62,10.4504,True,4,SD/STY
27,MN,CON/REF,SD,321.20920753484984,392.8055376556805,71.6,10.0273,True,5,SD/STY
27,MN,CON/REF,SD/STY,306.6490161964073,407.365728994123,100.72,14.1057,True,3,SD/STY
27,MN,PRG,SD,271.041124318604,442.97362087192636,171.93,24.0797,True,1,SD/STY
27,MN,PRG,SD/STY,277.67716037018295,436.33758482034733,158.66,22.2209,True,2,SD/STY
27,MN,SD,SD/STY,335.90922662668055,378.1055185638497,42.2,5.9097,True,8,SD/STY
28,MS,CON,CON/CTR,194.11636081709167,250.133810569351,56.02,12.6094,True,2,CON/REF
28,MS,CON,CON/NAT,220.2901529303396,223.96001845610309,3.67,0.8261,True,9,CON/REF
28,MS,CON,CON/REF,201.7174936717185,242.53267771472417,40.82,9.1874,True,4,CON/REF
28,MS,CON,STY/CON,200.73538494495386,243.5147864414888,42.78,9.6296,True,3,CON/REF
28,MS,CON/CTR,CON/NAT,222.333576452973,221.91659493346964,0.42,0.0939,True,10,CON/REF
28,MS,CON/CTR,CON/REF,230.0079579174876,214.24221346895507,15.77,3.5488,False,8,CON/REF
28,MS,CON/CTR,STY/CON,204.22551423824194,240.02465714820067,35.8,8.0583,True,5,CON/REF
28,MS,CON/NAT,CON/REF,191.82292283665157,252.4272485497911,60.6,13.6419,True,1,CON/REF
28,MS,CON/NAT,STY/CON,206.86754395565868,237.38262743078394,30.52,6.8689,True,6,CON/REF
28,MS,CON/REF,STY/CON,233.36380944551763,210.886361940925,22.48,5.0596,True,7,CON/REF
29,MO,CON/REF,SD/DSA,526.3026362016301,424.4274031231761,101.88,10.7155,True,4,CON/REF
29,MO,CON/REF,STY,517.3820372505717,433.3480020742344,84.03,8.8389,True,5,CON/REF
29,MO,CON/REF,STY/REF,483.4855548891323,467.2444844356737,16.24,1.7083,True,9,CON/REF
29,MO,CON/REF,STY/SD,526.5743028328623,424.15573649194386,102.42,10.7726,True,3,CON/REF
29,MO,SD/DSA,STY,419.86354920775176,530.8664901170544,111.0,11.6755,True,1,CON/REF
29,MO,SD/DSA,STY/REF,433.7196514539581,517.010387870848,83.29,8.7607,True,6,CON/REF
29,MO,SD/DSA,STY/SD,420.98543086742256,529.7446084573835,108.76,11.4395,True,2,CON/REF
29,MO,STY,STY/REF,457.07750586498133,493.6525334598247,36.58,3.847,True,7,CON/REF
29,MO,STY,STY/SD,459.132411511569,491.59762781323707,32.47,3.4148,True,8,CON/REF
29,MO,STY/REF,STY/SD,482.21959873426425,468.51044059054175,13.71,1.442,True,10,CON/REF
30,MT,CON,CON/NAT,136.09945633108833,121.28168625908695,14.82,5.7571,True,4,CON/REF
30,MT,CON,CON/REF,114.91616676881172,142.46497582136357,27.55,10.7035,True,2,CON/REF
30,MT,CON,REF,133.0081881959069,124.3729543942684,8.64,3.355,True,6,CON/REF
30,MT,CON,STY/REF,126.76466654708938,130.61647604308595,3.85,1.4965,False,8,CON/REF
30,MT,CON/NAT,CON/REF,128.04157402900955,129.33956856116578,1.3,0.5043,True,9,CON/REF
30,MT,CON/NAT,REF,128.662534232987,128.7186083571883,0.06,0.0218,False,10,CON/REF
30,MT,CON/NAT,STY/REF,133.45782145285736,123.92332113731796,9.53,3.7044,True,5,CON/REF
30,MT,CON/REF,REF,160.3693368000106,97.01180579016473,63.36,24.6162,True,1,CON/REF
30,MT,CON/REF,STY/REF,141.3324366177924,116.04870597238292,25.28,9.8235,True,3,CON/REF
30,MT,REF,STY/REF,125.52935175866475,131.85179083151056,6.32,2.4564,True,7,CON/REF
31,NE,CON/SD,CTR,166.97262920133272,128.93677335431903,38.04,12.8539,True,1,CON/SD
31,NE,CON/SD,REF,164.32329543619397,131.58610711945775,32.74,11.0632,True,4,CON/SD
31,NE,CON/SD,SD/LIB,156.89957391790904,139.00982863774271,17.89,6.0457,True,6,CON/SD
31,NE,CON/SD,STY/REF,162.3242824878771,133.58512006777462,28.74,9.7121,True,5,CON/SD
31,NE,CTR,REF,139.17067594728823,156.73872660836355,17.57,5.937,True,7,CON/SD
31,NE,CTR,SD/LIB,154.97649390504745,140.93290865060428,14.04,4.7459,False,9,CON/SD
31,NE,CTR,STY/REF,156.1210530210554,139.78834953459636,16.33,5.5195,False,8,CON/SD
31,NE,REF,SD/LIB,129.12530838792117,166.7840941677306,37.66,12.7265,True,2,CON/SD
31,NE,REF,STY/REF,129.49708226385718,166.41232029179457,36.92,12.4752,True,3,CON/SD
31,NE,SD/LIB,STY/REF,143.60688312646036,152.30251942919136,8.7,2.9386,True,10,CON/SD
32,NV,CON/SD,CON/STY,362.11401549973783,345.42094871618485,16.69,2.3593,True,10,SD/STY
32,NV,CON/SD,LIB,402.46732665712375,305.067637558799,97.4,13.7661,True,4,SD/STY
32,NV,CON/SD,SD/STY,327.13670727377445,380.3982569421482,53.26,7.5278,True,6,SD/STY
32,NV,CON/SD,STY/REF,366.3083777463865,341.22658646953613,25.08,3.545,True,8,SD/STY
32,NV,CON/STY,LIB,404.9980358845976,302.5369283313251,102.46,14.4814,True,3,SD/STY
32,NV,CON/STY,SD/STY,317.6609948912784,389.87396932464435,72.21,10.2063,True,5,SD/STY
32,NV,CON/STY,STY/REF,330.5028787312422,377.03208548468047,46.53,6.5762,True,7,SD/STY
32,NV,LIB,SD/STY,276.63176953677197,430.9031946791507,154.27,21.8041,True,1,SD/STY
32,NV,LIB,STY/REF,277.35340535263725,430.18155886328543,152.83,21.6001,True,2,SD/STY
32,NV,SD/STY,STY/REF,364.74030773059536,342.7946564853273,21.95,3.1017,True,9,SD/STY
33,NH,CON/CTR,CTR,131.44675849265815,133.2550701816178,1.81,0.6832,True,10,SD/LIB
33,NH,CON/CTR,SD,116.70591952224407,147.99590915203189,31.29,11.8208,True,5,SD/LIB
33,NH,CON/CTR,SD/CTR,96.59652059043047,168.10530808384547,71.51,27.0148,True,1,SD/LIB
33,NH,CON/CTR,SD/LIB,120.69652337184425,144.00530530243174,23.31,8.8057,True,6,SD/LIB
33,NH,CTR,SD,126.37729123498244,138.32453743929355,11.95,4.5135,True,8,SD/LIB
33,NH,CTR,SD/CTR,109.07982476223906,155.62200391203692,46.54,17.5829,True,3,SD/LIB
33,NH,CTR,SD/LIB,125.25959374655729,139.4422349277187,14.18,5.358,True,7,SD/LIB
33,NH,SD,SD/CTR,105.05147397238494,159.65035470189105,54.6,20.6266,True,2,SD/LIB
33,NH,SD,SD/LIB,115.14673463453917,149.55509403973676,34.41,12.9989,True,4,SD/LIB
33,NH,SD/CTR,SD/LIB,130.85532150645244,133.8465071678235,2.99,1.13,True,9,SD/LIB
34,NJ,CON/CTR,CON/SD,542.1798143974858,620.0323754931553,77.85,6.6987,True,7,CON/SD
34,NJ,CON/CTR,REF,638.4422990617551,523.769890828886,114.67,9.8667,True,4,CON/SD
34,NJ,CON/CTR,SD,583.7528174812468,578.4593724093943,5.29,0.4555,True,9,CON/SD
34,NJ,CON/CTR,STY/REF,579.0101166434955,583.2020732471456,4.19,0.3607,True,10,CON/SD
34,NJ,CON/SD,REF,700.3103846164825,461.90180527415856,238.41,20.5133,True,1,CON/SD
34,NJ,CON/SD,SD,635.7500722489409,526.4621176417002,109.29,9.4034,True,5,CON/SD
34,NJ,CON/SD,STY/REF,657.2882934493759,504.9238964412651,152.36,13.1099,True,3,CON/SD
34,NJ,REF,SD,485.7737284970501,676.438461393591,190.66,16.4053,True,2,CON/SD
34,NJ,REF,STY/REF,538.1436364838511,624.06855340679,85.92,7.3932,True,6,CON/SD
34,NJ,SD,STY/REF,571.6722919325379,590.5398979581032,18.87,1.6234,True,8,CON/SD
35,NM,CON,CON/STY,194.77048328044685,220.32695956044074,25.56,6.1567,True,5,CON/STY
35,NM,CON,REF,217.99926385070765,197.09817899017992,20.9,5.0352,True,7,CON/STY
35,NM,CON,SD/CON,191.07739698090614,224.02004585998142,32.94,7.9361,True,4,CON/STY
35,NM,CON,SD/LIB,216.71881366374546,198.37862917714207,18.34,4.4183,True,9,CON/STY
35,NM,CON/STY,REF,217.876654212431,197.22078862845657,20.66,4.9761,True,8,CON/STY
35,NM,CON/STY,SD/CON,236.3949804934253,178.7024623474623,57.69,13.8985,True,1,CON/STY
35,NM,CON/STY,SD/LIB,224.17104461843502,190.92639822245258,33.24,8.0089,True,3,CON/STY
35,NM,REF,SD/CON,188.39500991264754,226.70243292824006,38.31,9.2285,True,2,CON/STY
35,NM,REF,SD/LIB,202.0595490849053,213.03789375598225,10.98,2.6448,True,10,CON/STY
35,NM,SD/CON,SD/LIB,220.1714002615662,194.92604257932138,25.25,6.0818,True,6,CON/STY
36,NY,CTR,SD,1118.750956726495,1195.685192004285,76.93,3.3241,True,6,SD/STY
36,NY,CTR,SD/STY,1117.0965364773178,1197.339612253462,80.24,3.4671,True,4,SD/STY
36,NY,CTR,STY,1094.762500164763,1219.6736485660167,124.91,5.397,True,2,SD/STY
36,NY,CTR,STY/REF,1157.879650979256,1156.5564977515237,1.32,0.0572,True,10,SD/STY
36,NY,SD,SD/STY,1128.4804217171586,1185.955727013621,57.48,2.4833,True,7,SD/STY
36,NY,SD,STY,1169.3745477462269,1145.0616009845528,24.31,1.0505,True,8,SD/STY
36,NY,SD,STY/REF,1217.0867653371188,1097.349383393661,119.74,5.1735,True,3,SD/STY
36,NY,SD/STY,STY,1197.0431321180954,1117.3930166126845,79.65,3.4414,True,5,SD/STY
36,NY,SD/STY,STY/REF,1238.2495983164508,1076.186550414329,162.06,7.0023,True,1,SD/STY
36,NY,STY,STY/REF,1168.1524075772431,1146.2837411535365,21.87,0.9449,True,9,SD/STY
37,NC,CON/CTR,CON/NAT,822.1296683286602,633.2247185130793,188.9,12.98,True,1,CON/CTR
37,NC,CON/CTR,SD,803.6975209604738,651.6568658812657,152.04,10.447,True,2,CON/CTR
37,NC,CON/CTR,SD/LIB,795.6980100080082,659.6563768337313,136.04,9.3477,True,3,CON/CTR
37,NC,CON/CTR,STY/SD,741.0205912878719,714.3337955538675,26.69,1.8337,True,9,CON/CTR
37,NC,CON/NAT,SD,691.0277906895285,764.3265961522109,73.3,5.0365,True,6,CON/CTR
37,NC,CON/NAT,SD/LIB,708.1039221438804,747.2504646978589,39.15,2.6898,True,8,CON/CTR
37,NC,CON/NAT,STY/SD,662.0371180189495,793.3172688227899,131.28,9.0205,True,4,CON/CTR
37,NC,SD,SD/LIB,732.44866704013,722.9057198016094,9.54,0.6557,True,10,CON/CTR
37,NC,SD,STY/SD,693.5822365934571,761.7721502482825,68.19,4.6855,True,7,CON/CTR
37,NC,SD/LIB,STY/SD,682.2528761618298,773.1015106799097,90.85,6.2424,True,5,CON/CTR
38,ND,CON/NAT,CTR/LIB,67.67414097607552,44.34489551425057,23.33,20.8261,True,2,REF/SD
38,ND,CON/NAT,REF/CTR,54.56011432920283,57.45892216112325,2.9,2.5878,True,8,REF/SD
38,ND,CON/NAT,REF/SD,54.51208297005822,57.506953520267864,2.99,2.6735,True,7,REF/SD
38,ND,CON/NAT,REF/STY,57.1878901904216,54.83114629990449,2.36,2.1039,True,9,REF/SD
38,ND,CTR/LIB,REF/CTR,40.71814018813005,71.30089630219602,30.58,27.3014,True,1,REF/SD
38,ND,CTR/LIB,REF/SD,56.717198257192315,55.301838233133786,1.42,1.2635,False,10,REF/SD
38,ND,CTR/LIB,REF/STY,60.617943525532176,51.40109296479392,9.22,8.2279,True,6,REF/SD
38,ND,REF/CTR,REF/SD,49.97640894741602,62.04262754291007,12.07,10.7716,True,3,REF/SD
38,ND,REF/CTR,REF/STY,61.02860479652739,50.9904316937987,10.04,8.9611,True,5,REF/SD
38,ND,REF/SD,REF/STY,61.17792746955699,50.84110902076911,10.34,9.2277,True,4,REF/SD
39,OH,CON/CTR,CON/REF,882.5123706503218,844.6330006456967,37.88,2.1932,True,5,CON/CTR
39,OH,CON/CTR,SD,934.16755331976,792.9778179762585,141.19,8.1747,True,1,CON/CTR
39,OH,CON/CTR,STY/REF,910.603664024123,816.5417072718956,94.06,5.4461,True,2,CON/CTR
39,OH,CON/CTR,STY/SD,878.824851939577,848.3205193564415,30.5,1.7662,True,6,CON/CTR
39,OH,CON/REF,SD,859.9996510929674,867.1457202030512,7.15,0.4138,False,10,CON/CTR
39,OH,CON/REF,STY/REF,877.4907415071659,849.6546297888526,27.84,1.6117,True,8,CON/CTR
39,OH,CON/REF,STY/SD,884.1098208354895,843.0355504605291,41.07,2.3782,True,3,CON/CTR
39,OH,SD,STY/REF,849.0681733755949,878.0771979204237,29.01,1.6796,True,7,CON/CTR
39,OH,SD,STY/SD,843.0905581860625,884.0548131099561,40.96,2.3718,True,4,CON/CTR
39,OH,STY/REF,STY/SD,849.7948980241106,877.350473271908,27.56,1.5954,True,9,CON/CTR
40,OK,CON,CON/CTR,303.59309425066044,302.61015342997325,0.98,0.1621,True,10,CON
40,OK,CON,LIB,372.0035206780085,234.19972700262528,137.8,22.7323,True,1,CON
40,OK,CON,STY/REF,367.01488927157806,239.18835840905567,127.83,21.0864,True,2,CON
40,OK,CON,STY/SD,322.2170293387866,283.9862183418472,38.23,6.3066,True,5,CON
40,OK,CON/CTR,LIB,355.392859465484,250.81038821514977,104.58,17.252,True,4,CON
40,OK,CON/CTR,STY/REF,301.96957688170113,304.2336707989326,2.26,0.3735,False,8,CON
40,OK,CON/CTR,STY/SD,365.3122854292275,240.89096225140628,124.42,20.5247,True,3,CON
40,OK,LIB,STY/REF,292.05869403744396,314.14455364318974,22.09,3.6433,True,6,CON
40,OK,LIB,STY/SD,302.3308947063763,303.8723529742575,1.54,0.2543,True,9,CON
40,OK,STY/REF,STY/SD,292.8800206458259,313.32322703480787,20.44,3.3723,True,7,CON
41,OR,CON/REF,LIB/PRG,441.08378548621687,420.64173927498535,20.44,2.3722,False,10,SD
41,OR,CON/REF,REF,410.6581616374799,451.0673631237223,40.41,4.6893,True,6,SD
41,OR,CON/REF,SD,361.0190638241624,500.7064609370398,139.69,16.2102,True,1,SD
41,OR,CON/REF,SD/DSA,411.8150609195794,449.91046384162286,38.1,4.4208,True,7,SD
41,OR,LIB/PRG,REF,444.5586098055142,417.16691495568807,27.39,3.1787,True,8,SD
41,OR,LIB/PRG,SD,384.0265287512152,477.698996009987,93.67,10.8703,True,2,SD
41,OR,LIB/PRG,SD/DSA,401.32129710368577,460.4042276575164,59.08,6.8564,True,4,SD
41,OR,REF,SD,389.16591516792494,472.5596095932773,83.39,9.6775,True,3,SD
41,OR,REF,SD/DSA,404.6000669590673,457.125457802135,52.53,6.0954,True,5,SD
41,OR,SD,SD/DSA,444.0227528384671,417.7027719227351,26.32,3.0543,True,9,SD
42,PA,CON,CON/SD,990.1405114417562,1199.3850167470418,209.24,9.5566,True,3,CON/SD
42,PA,CON,SD/STY,1046.5030414262462,1143.022486762552,96.52,4.4082,True,8,CON/SD
42,PA,CON,STY,972.9232906228456,1216.6022375659527,243.68,11.1293,True,1,CON/SD
42,PA,CON,STY/REF,1043.3121816348241,1146.213346553974,102.9,4.6997,True,7,CON/SD
42,PA,CON/SD,SD/STY,1159.719875597838,1029.8056525909603,129.91,5.9334,True,4,CON/SD
42,PA,CON/SD,STY,1159.335772082145,1030.189756106653,129.15,5.8984,True,5,CON/SD
42,PA,CON/SD,STY/REF,1206.8475363646276,982.6779918241706,224.17,10.2383,True,2,CON/SD
42,PA,SD/STY,STY,1075.3915767530402,1114.133951435758,38.74,1.7694,True,10,CON/SD
42,PA,SD/STY,STY/REF,1118.5628304045902,1070.962697784208,47.6,2.174,True,9,CON/SD
42,PA,STY,STY/REF,1146.8726599165905,1042.6528682722078,104.22,4.7599,True,6,CON/SD
44,RI,CON/CTR,LIB,79.65180651541148,83.67169069710899,4.02,2.4613,True,10,LIB
44,RI,CON/CTR,NAT,115.4728624927444,47.850634719776075,67.62,41.4039,True,2,LIB
44,RI,CON/CTR,SD/LIB,94.58244189059948,68.74105532192097,25.84,15.8222,True,5,LIB
44,RI,CON/CTR,STY,88.09902890678417,75.2244683057363,12.87,7.8829,True,7,LIB
44,RI,LIB,NAT,114.30035273455539,49.02314447796508,65.28,39.968,True,3,LIB
44,RI,LIB,SD/LIB,84.6534370608776,78.67006015164287,5.98,3.6635,True,9,LIB
44,RI,LIB,STY,87.36691240252416,75.9565848099963,11.41,6.9863,True,8,LIB
44,RI,NAT,SD/LIB,49.24037637464491,114.08312083787557,64.84,39.702,True,4,LIB
44,RI,NAT,STY,47.76192663000551,115.56157058251493,67.8,41.5125,True,1,LIB
44,RI,SD/LIB,STY,73.81602329265523,89.50747391986523,15.69,9.6076,True,6,LIB
45,SC,CON/STY,CTR,354.01151976454855,376.2758543716916,22.26,3.0487,True,4,SD
45,SC,CON/STY,SD,372.7207180290016,357.5666561072385,15.15,2.0751,False,6,SD
45,SC,CON/STY,STY/REF,391.76278879024676,338.5245853459934,53.24,7.29,True,1,SD
45,SC,CON/STY,STY/SD,378.23926928768753,352.0481048485526,26.19,3.5864,True,3,SD
45,SC,CTR,SD,350.03213807421514,380.255236062025,30.22,4.1385,True,2,SD
45,SC,CTR,STY/REF,366.40743134254,363.87994279370014,2.53,0.3461,True,9,SD
45,SC,CTR,STY/SD,358.5786112705201,371.70876286572,13.13,1.7979,False,7,SD
45,SC,SD,STY/REF,374.9330847840007,355.35428935223945,19.58,2.681,True,5,SD
45,SC,SD,STY/SD,367.9846130326333,362.3027611036069,5.68,0.778,True,8,SD
45,SC,STY/REF,STY/SD,365.21917115477993,365.0682029814602,0.15,0.0207,True,10,SD
46,SD,CON,CON/CTR,64.2031005670714,77.27658150739319,13.07,9.2405,True,2,CON/CTR
46,SD,CON,CTR,74.8452999049572,66.63438216950736,8.21,5.8036,True,5,CON/CTR
46,SD,CON,SD/LIB,66.01430202115422,75.46538005331035,9.45,6.6802,True,4,CON/CTR
46,SD,CON,STY/SD,79.33631013728703,62.14337193717755,17.19,12.1522,True,1,CON/CTR
46,SD,CON/CTR,CTR,73.63929919088301,67.84038288358157,5.8,4.0988,True,7,CON/CTR
46,SD,CON/CTR,SD/LIB,75.98051187767615,65.49917019678844,10.48,7.4084,True,3,CON/CTR
46,SD,CON/CTR,STY/SD,73.49483627083173,67.98484580363285,5.51,3.8945,True,8,CON/CTR
46,SD,CTR,SD/LIB,68.92712696891219,72.55255510555241,3.63,2.5625,True,9,CON/CTR
46,SD,CTR,STY/SD,71.31568255098281,70.16399952348176,1.15,0.814,True,10,CON/CTR
46,SD,SD/LIB,STY/SD,67.23404176739027,74.24564030707432,7.01,4.9559,False,6,CON/CTR
47,TN,CON,CON/CTR,572.4217327651013,571.0025089657223,1.42,0.1241,True,10,CON
47,TN,CON,CON/REF,582.1239686722961,561.3002730585276,20.82,1.8212,True,9,CON
47,TN,CON,CTR,618.4718000215403,524.9524417092832,93.52,8.1789,True,2,CON
47,TN,CON,STY/REF,606.1869447308641,537.2372969999597,68.95,6.0301,True,3,CON
47,TN,CON/CTR,CON/REF,548.3945068095378,595.0297349212858,46.64,4.0786,True,5,CON
47,TN,CON/CTR,CTR,633.8565203087446,509.5677214220791,124.29,10.8699,True,1,CON
47,TN,CON/CTR,STY/REF,556.3068379655949,587.1174037652288,30.81,2.6946,True,8,CON
47,TN,CON/REF,CTR,604.3652110167905,539.0590307140332,65.31,5.7115,True,4,CON
47,TN,CON/REF,STY/REF,550.7822159644234,592.6420257664003,41.86,3.6609,True,6,CON
47,TN,CTR,STY/REF,553.8322107225345,589.5920310082893,35.76,3.1274,True,7,CON
48,TX,CON/REF,SD/LIB,1733.2118278669627,1821.8605249713373,88.65,2.4936,True,8,STY/CON
48,TX,CON/REF,STY/CON,1641.2266239570358,1913.8457288812644,272.62,7.6685,True,2,STY/CON
48,TX,CON/REF,STY/REF,1726.977360298656,1828.094992539644,101.12,2.8443,True,7,STY/CON
48,TX,CON/REF,STY/SD,1722.9639948370966,1832.1083580012037,109.14,3.0701,True,6,STY/CON
48,TX,SD/LIB,STY/CON,1613.884990069212,1941.1873627690882,327.3,9.2066,True,1,STY/CON
48,TX,SD/LIB,STY/REF,1741.6563989248943,1813.4159539134057,71.76,2.0185,True,10,STY/CON
48,TX,SD/LIB,STY/SD,1711.9259381540578,1843.1464146842422,131.22,3.6911,True,5,STY/CON
48,TX,STY/CON,STY/REF,1881.1233866108732,1673.948966227427,207.17,5.8276,True,3,STY/CON
48,TX,STY/CON,STY/SD,1817.8739192673747,1737.1984335709253,80.68,2.2693,True,9,STY/CON
48,TX,STY/REF,STY/SD,1704.8001559596942,1850.2721968786059,145.47,4.092,True,4,STY/CON
49,UT,CON/NAT,LIB,256.73057515678636,205.40976260311632,51.32,11.105,True,3,STY
49,UT,CON/NAT,SD/LIB,254.9362604495489,207.20407731035385,47.73,10.3285,True,4,STY
49,UT,CON/NAT,STY,201.84274720527074,260.29759055463194,58.45,12.6487,True,2,STY
49,UT,CON/NAT,STY/SD,226.39680776618013,235.74352999372263,9.35,2.0225,False,10,STY
49,UT,LIB,SD/LIB,211.33706262009008,250.80327513981268,39.47,8.5399,True,6,STY
49,UT,LIB,STY,196.6775259703761,265.46281178952665,68.79,14.8841,True,1,STY
49,UT,LIB,STY/SD,219.92355375034003,242.21678400956273,22.29,4.8239,True,8,STY
49,UT,SD/LIB,STY,218.04572918717554,244.09460857272717,26.05,5.6366,True,7,STY
49,UT,SD/LIB,STY/SD,253.56350120565563,208.57683655424714,44.99,9.7344,True,5,STY
49,UT,STY,STY/SD,238.43863306058563,223.70170469931713,14.74,3.1888,True,9,STY
50,VT,CTR,DSA,57.89744572077577,49.77237195373657,8.13,7.5463,True,5,STY
50,VT,CTR,PRG/DSA,50.934384634548756,56.735433039963574,5.8,5.3878,True,6,STY
50,VT,CTR,PRG/LIB,49.232465408786986,58.437352265725345,9.2,8.5492,True,4,STY
50,VT,CTR,STY,47.373396789859186,60.29642088465314,12.92,12.0025,True,2,STY
50,VT,DSA,PRG/DSA,41.81587861542076,65.85393905909159,24.04,22.3257,True,1,STY
50,VT,DSA,PRG/LIB,47.722675891263094,59.94714178324924,12.22,11.3537,True,3,STY
50,VT,DSA,STY,54.23590786176941,53.433909812742925,0.8,0.7449,False,10,STY
50,VT,PRG/DSA,PRG/LIB,51.254151705981045,56.415665968531286,5.16,4.7938,True,7,STY
50,VT,PRG/DSA,STY,52.28390413736888,55.38591353714345,3.1,2.881,True,9,STY
50,VT,PRG/LIB,STY,51.57739681988499,56.09242085462735,4.52,4.1934,True,8,STY
51,VA,CON/REF,CON/SD,581.1026608438639,745.6126645422628,164.51,12.3998,True,3,CON/SD
51,VA,CON/REF,LIB,687.8001510670224,638.9151743191043,48.88,3.6847,True,9,CON/SD
51,VA,CON/REF,REF,717.2388892104091,609.4764361757176,107.76,8.1225,True,7,CON/SD
51,VA,CON/REF,SD/LIB,655.1264704679472,671.5888549181795,16.46,1.2408,True,10,CON/SD
51,VA,CON/SD,LIB,730.1744475514975,596.5408778346293,133.63,10.0725,True,5,CON/SD
51,VA,CON/SD,REF,767.263710484726,559.4516149014006,207.81,15.6637,True,2,CON/SD
51,VA,CON/SD,SD/LIB,741.5918524208286,585.1234729652981,156.47,11.7937,True,4,CON/SD
51,VA,LIB,REF,719.7628755005924,606.9524498855343,112.81,8.503,True,6,CON/SD
51,VA,LIB,SD/LIB,626.800627650884,699.9146977352425,73.11,5.5109,True,8,CON/SD
51,VA,REF,SD/LIB,546.0327017828445,780.6826236032821,234.65,17.6865,True,1,CON/SD
53,WA,CON,CTR,588.7592776754067,633.0165608968791,44.26,3.6224,True,6,SD
53,WA,CON,SD,512.6361437561796,709.139694816106,196.5,16.0834,True,1,SD
53,WA,CON,SD/DSA,592.1159311199356,629.6599074523501,37.54,3.0729,True,7,SD
53,WA,CON,SD/STY,563.9761207219011,657.7997178503847,93.82,7.6793,True,3,SD
53,WA,CTR,SD,550.9331431727608,670.8426953995249,119.91,9.8144,True,2,SD
53,WA,CTR,SD/DSA,609.8358173578308,611.9400212144551,2.1,0.1722,True,9,SD
53,WA,CTR,SD/STY,583.8307479184141,637.9450906538717,54.11,4.4292,True,5,SD
53,WA,SD,SD/DSA,611.8155305362164,609.9603080360694,1.86,0.1518,True,10,SD
53,WA,SD,SD/STY,622.4344315954881,599.3414069767975,23.09,1.8901,True,8,SD
53,WA,SD/DSA,SD/STY,577.805903209153,643.9699353631327,66.16,5.4154,True,4,SD
54,WV,CON,CON/SD,176.39424839475487,183.86500325066453,7.47,2.0737,True,9,STY/REF
54,WV,CON,CON/STY,178.87616723812633,181.3830844072931,2.51,0.6959,True,10,STY/REF
54,WV,CON,SD,202.4076234003395,157.8516282450799,44.56,12.3678,True,4,STY/REF
54,WV,CON,STY/REF,154.7140438711395,205.5452077742799,50.83,14.1096,True,2,STY/REF
54,WV,CON/SD,CON/STY,194.73138793348937,165.52786371193005,29.2,8.1063,True,6,STY/REF
54,WV,CON/SD,SD,204.97739419425986,155.2818574511595,49.7,13.7944,True,3,STY/REF
54,WV,CON/SD,STY/REF,159.95361115059055,200.30564049482888,40.35,11.2008,True,5,STY/REF
54,WV,CON/STY,SD,192.79499136388807,167.46426028153132,25.33,7.0313,True,7,STY/REF
54,WV,CON/STY,STY/REF,173.24945052926472,187.0098011161547,13.76,3.8196,True,8,STY/REF
54,WV,SD,STY/REF,147.81925268387184,212.4399989615476,64.62,17.9373,True,1,STY/REF
55,WI,CON/REF,CTR,522.0372233709131,447.3727549705636,74.66,7.7021,True,6,STY
55,WI,CON/REF,REF,555.7057327478276,413.7042455936492,142.0,14.6482,True,2,STY
55,WI,CON/REF,SD,448.87539314847254,520.5345851930043,71.66,7.392,True,7,STY
55,WI,CON/REF,STY,491.8975873617928,477.512390979684,14.39,1.4839,False,9,STY
55,WI,CTR,REF,479.74332402984555,489.6666543116313,9.92,1.0236,True,10,STY
55,WI,CTR,SD,437.97935741044705,531.4306209310298,93.45,9.64,True,4,STY
55,WI,CTR,STY,438.479994632614,530.9299837088629,92.45,9.5367,True,5,STY
55,WI,REF,SD,417.6351212972022,551.7748570442747,134.14,13.8373,True,3,STY
55,WI,REF,STY,412.87172853710484,556.5382498043721,143.67,14.82,True,1,STY
55,WI,SD,STY,459.74953997719774,509.6604383642791,49.91,5.1486,True,8,STY
56,WY,CON,LIB,64.80113157015975,33.497080281011534,31.3,31.846,True,3,STY
56,WY,CON,REF,41.72593004098072,56.57228181019057,14.85,15.1034,True,7,STY
56,WY,CON,STY,44.82940898433326,53.46880286683803,8.64,8.789,True,8,STY
56,WY,CON,STY/SD,38.465722655177075,59.83248919599422,21.37,21.7367,True,6,STY
56,WY,LIB,REF,32.15136639963257,66.14684545153872,34.0,34.584,True,2,STY
56,WY,LIB,STY,34.95466527624328,63.34354657492801,28.39,28.8804,True,4,STY
56,WY,LIB,STY/SD,27.524613725923547,70.77359812524774,43.25,43.9977,True,1,STY
56,WY,REF,STY,46.44343894715761,51.85477290401368,5.41,5.505,True,10,STY
56,WY,REF,STY/SD,35.56748942713285,62.73072242403844,27.16,27.6335,True,5,STY
56,WY,STY,STY/SD,53.37752981171935,44.92068203945195,8.46,8.6033,True,9,STY
