Order,variable,domain,type,stat_label,question,PRG,DSA,LIB,SD,STY,CTR,REF,CON,NAT,SD/LIB,SD/STY,STY/SD,LIB/CTR,SD/CTR,SD/CON,CON/SD,STY/CON,CON/STY,STY/REF,CON/CTR,REF/STY,CON/REF,CON/NAT,Max,Mid,Low
1,CC24_341a,Taxes & Economy,binary,% Supporting,Extend the 2017 tax cuts,11.7472,28.8072,33.0026,48.868,60.5274,76.3888,75.7089,85.1391,93.7855,40.9353,52.7343,54.6977,50.3571,62.6284,66.2491,68.9803,70.5616,74.8022,67.3591,81.8411,70.1084,82.2157,89.3758,,,
2,CC24_341b,Taxes & Economy,binary,% Supporting,Raise corporate income tax from 21% to 28%,97.349,88.5291,90.7269,80.3757,53.4382,53.0495,33.5886,38.8283,6.6686,85.5513,71.4432,66.9069,75.6559,66.7126,60.4662,57.3377,47.4817,44.9645,44.5059,44.1883,40.9111,37.204,23.07,,,
3,CC24_341c,Taxes & Economy,binary,% Supporting,Allow rates on $400k+ earners to rise to 35%,100,99.6371,98.0046,86.3894,58.7368,62.0599,37.998,52.531,7.5546,92.197,77.2198,72.5631,83.6267,74.2246,70.1645,67.6149,56.2067,55.1374,49.4043,56.1224,45.6485,48.0258,30.4926,,,
4,CC24_341d,Taxes & Economy,binary,% Supporting,Spend $150B/yr on infrastructure,99.527,95.4743,97.4358,90.7076,70.879,79.6649,61.252,78.4184,54.8584,94.0717,84.1324,80.7933,90.3274,85.1863,84.8186,83.8932,73.9528,75.2519,66.5469,78.8882,64.8034,73.0968,66.874,,,
5,CC24_302,Taxes & Economy,ordinal,Weighted mean,Household income change past year (1=Increased a lot … 5=Decreased a lot),2.7421,3.0358,2.6856,2.949,3.1641,3.0302,3.4277,3.2872,3.5477,2.8173,3.0203,3.0565,2.8234,2.9896,3.1111,3.1365,3.2143,3.2355,3.2827,3.1903,3.3305,3.3308,3.4148,,,
11,CC24_303,Taxes & Economy,ordinal,Weighted mean,Price change past year (1=Increased a lot … 5=Decreased a lot),2.0963,1.7634,2.0245,1.8281,1.7436,1.5351,1.3853,1.3256,1.193,1.9263,1.8001,1.7858,1.8287,1.6816,1.5873,1.5495,1.5732,1.5012,1.5824,1.4046,1.5175,1.3441,1.2606,,,
17,CC24_323a,Immigration,binary,% Supporting,Grant legal status to long-term undocumented immigrants,99.9762,99.3685,98.3073,82.7113,75.1003,59.9703,12.3442,30.2296,0.201,90.5093,80.1875,78.9058,82.9725,71.3408,57.5621,53.6102,56.8065,49.0753,46.8601,41.4389,35.4949,24.6851,15.5156,,,
18,CC24_323b,Immigration,binary,% Supporting,Increase border patrols,40.627,18.338,75.3309,72.2397,64.8119,93.2013,89.1047,99.4845,100,73.7853,69.7766,68.5258,82.4791,82.7205,85.2954,87.3469,78.9479,84.922,75.7437,97.1164,80.1431,96.2668,99.7371,,,
19,CC24_323d,Immigration,binary,% Supporting,Permanent status/pathway for Dreamers,100,100,99.9717,98.3844,86.6809,72.2816,27.6665,53.0032,0.282,99.178,94.5035,92.5326,88.8957,85.333,76.6377,73.2205,72.9505,67.1478,60.1244,60.2692,49.4369,45.1488,27.1698,,,
20,CC24_323f,Immigration,binary,% Supporting,Forgive up to $20k of student loan debt per person,93.6354,95.8983,82.7126,79.6209,70.5324,47.291,30.2371,25.7075,5.2886,81.1668,76.6072,75.0767,68.544,63.456,53.7856,49.7259,52.2573,44.534,52.3995,33.8423,45.102,27.1117,15.7022,,,
21,CC24_340f,Immigration,binary,% Supporting,Deny asylum for illegal border crossings,0.1145,0.0336,29.4301,39.458,39.6282,82.0974,87.0888,99.8093,100,34.444,39.5144,39.5431,50.497,60.7777,68.3783,72.9228,64.164,74.5332,60.9855,93.1337,69.5806,95.8659,99.9027,,,
22,CC24_321a,Police & Guns,binary,% Supporting,Ban assault rifles,96.5447,93.1937,91.4934,80.9072,63.1428,58.5513,27.0589,40.7492,6.4067,86.2003,75.0165,72.025,78.3166,69.7293,61.6635,58.6396,54.0129,50.1545,46.905,47.4588,40.3703,36.5052,23.9214,,,
23,CC24_321b,Police & Guns,binary,% Supporting,Easier concealed-carry permits,1.1018,1.9058,7.2956,20.1692,36.5762,44.222,67.8831,54.9176,91.7736,13.7324,25.6098,28.3727,22.0662,32.1956,36.8206,39.4372,44.054,47.2142,50.6643,50.8864,56.334,58.9369,72.977,,,
24,CC24_321c,Police & Guns,binary,% Supporting,Require background checks on all gun sales,99.647,99.6987,99.5799,98.4429,88.7939,94.8726,80.3952,93.8034,75.8481,99.0114,95.2433,93.6184,97.697,96.6577,96.2197,95.8703,90.8363,91.6994,85.0145,94.2064,83.4935,89.6469,85.0053,,,
25,CC24_321d,Police & Guns,binary,% Supporting,Increase police by 10%,0.3959,0.2707,35.5848,31.436,34.9589,65.1423,44.166,99.714,100,33.5104,32.6042,33.1975,47.4078,48.2892,64.1548,69.2962,61.3596,72.5169,39.1021,86.6839,40.7695,82.4941,99.8541,,,
26,CC24_321e,Police & Guns,binary,% Supporting,"Decrease police by 10%, increase other funding",75.5713,87.2103,35.6377,39.5124,39.1405,16.6141,19.5421,1.8792,0.1097,37.5751,39.3891,39.3265,28.0283,28.0633,21.4786,18.6448,23.9491,17.5289,30.3212,7.4328,26.7719,7.3547,1.0121,,,
27,CC24_321f,Police & Guns,binary,% Supporting,Increase spending on mental health & school safety,99.6192,99.0147,98.4488,95.922,85.8456,90.4463,66.5524,86.5553,54.075,97.1854,92.5807,90.8838,95.2478,93.1841,91.4335,90.7282,86.1349,86.2572,77.1637,88.0218,73.6697,80.3544,70.64,,,
28,CC24_325,Abortion,continuous,Median,Abortion: how many weeks should it be legal,32,28,24,18,13,12,8,10,7,21,16.342,15.5,19.2,15,14.1664,13.564,11.7769,11.26,10.75,10.7538,9.8445,9.38,8.53,,,
29,CC24_325,Abortion,continuous,Q25,Abortion: how many weeks should it be legal,24,20,16,10,6,4,1,4,0,13,8.6736,8,11.2,7,7.1248,6.673,5.1846,4.84,3.75,4,2.8445,3.07,2.04,,,
30,CC24_325,Abortion,continuous,Q75,Abortion: how many weeks should it be legal,40,40,36,26,23,19,14,15,12,31,25.0052,24.5,29.2,22.5,20.7288,19.9005,19.7384,18.36,18.95,16.5076,17.3201,14.69,13.53,,,
31,CC24_324b,Abortion,binary,% Supporting,Permit abortion only in rape/incest/life danger cases,6.143,14.1527,25.7348,36.9495,56.8046,65.4458,60.3942,72.6163,72.2413,31.3422,43.5335,46.877,41.6192,51.1977,54.041,56.7267,63.251,65.9754,58.4199,69.9137,59.07,68.8274,72.4325,,,
32,CC24_340b,Abortion,binary,% Supporting,Prohibit restrictions on abortion access (Congress bill),95.6766,94.0501,88.8153,82.7413,53.177,53.8649,43.5041,48.7144,31.5194,85.7783,72.9378,67.9591,74.8351,68.3031,66.4356,63.8734,51.3576,50.5887,48.8242,50.6556,47.0724,47.0992,40.2888,,,
33,CC24_444c,Abortion,binary,% Supporting,Prohibit abortion-inducing drugs by mail,1.466,3.7817,11.1838,22.9448,39.0023,54.5528,58.7169,63.5861,74.6758,17.0643,28.2695,30.9735,28.5314,38.7488,42.4201,45.4804,49.0251,53.2609,47.8739,60.1814,51.4442,62.0766,69.0201,,,
34,CC24_444d,Abortion,binary,% Supporting,Prohibit women traveling to another state for abortion,0.1411,0.469,3.6846,8.8986,25.6106,28.0167,26.8387,27.1627,27.2533,6.2916,14.4403,17.2546,13.4174,18.4577,17.6508,19.026,26.2434,26.5108,26.1632,27.4846,26.3857,27.0623,27.2071,,,
35,CC24_340c,Civil Liberties,binary,% Supporting,Federal recognition of same-sex & interracial marriages,99.9117,98.4739,97.2584,95.9375,54.3011,55.8161,43.4016,47.846,26.541,96.5979,82.1309,75.1193,80.6815,75.8768,72.8921,69.2708,51.6694,50.5571,49.3963,50.8499,47.4224,46.4682,37.4065,,,
36,CC24_340d,Civil Liberties,binary,% Supporting,Ban TikTok unless China sells to a US company,32.151,20.813,52.3658,44.4839,40.7118,62.4261,54.7864,73.6451,76.8622,48.4248,43.2331,42.5978,56.3899,53.455,58.4579,60.6538,54.1387,59.8131,47.0454,69.4167,49.5943,67.7989,75.2215,,,
37,CC24_340e,Civil Liberties,binary,% Supporting,Renew post-9/11 surveillance programs,3.7548,18.3327,43.0105,36.4273,30.2967,45.6591,21.3699,45.1447,9.4977,39.7189,34.3944,33.362,44.0699,41.0432,40.6047,41.2611,36.3502,38.9085,26.2796,45.3386,24.663,37.7745,27.6777,,,
38,CC24_444a,Civil Liberties,binary,% Supporting,Prevent gender transition surgery for minors,15.5509,21.6662,32.5615,48.9304,60.1361,72.2826,78.3789,78.1244,88.9089,40.746,52.6462,54.5332,48.4499,60.6065,62.9202,65.1185,67.4699,70.5693,68.3454,75.9226,71.6491,78.2033,83.4088,,,
39,CC24_444b,Civil Liberties,binary,% Supporting,Parental consent for name/pronoun changes at school,7.6704,11.6714,34.6172,45.6794,63.6007,75.434,85.0514,85.3977,94.3123,40.1483,51.6221,54.6401,50.9439,60.5567,64.7124,67.7032,72.4873,76.243,73.2535,81.6424,77.1382,85.2903,89.7659,,,
40,CC24_444e,Civil Liberties,binary,% Supporting,Age verification for adult web content,53.2211,59.0949,72.9322,75.2629,77.5991,83.4249,78.8884,88.5785,87.0568,74.0975,76.0376,76.431,77.1293,79.3439,81.6437,82.6464,82.0754,83.9672,78.1793,86.6361,78.4128,85.5746,87.8329,,,
41,CC24_444f,Civil Liberties,binary,% Supporting,School voucher subsidies,11.9711,33.7039,26.5249,44.454,61.4132,65.6888,71.3714,70.5407,86.9864,35.4894,50.0777,52.9336,42.1905,55.0714,56.9547,58.9191,65.1345,66.7071,65.8944,68.712,67.6978,70.7982,78.5991,,,
42,CC24_326a,Environment & Climate,binary,% Supporting,Give EPA power to regulate CO2 emissions,98.6686,96.8977,95.241,88.7817,67.2327,63.453,31.6727,39.213,4.9293,92.0113,81.6361,78.0072,82.5258,76.1174,65.0284,61.2959,55.8091,50.9813,51.2307,48.3491,44.7908,36.8755,22.414,,,
43,CC24_326b,Environment & Climate,binary,% Supporting,Require 20% renewable electricity,98.0185,96.9976,94.3359,90.3056,76.5382,67.4679,39.5961,44.5249,8.9909,92.3208,85.7403,83.4219,83.5887,78.8868,68.3675,64.9202,63.4864,57.9705,59.9143,53.1721,53.224,42.997,27.1132,,,
44,CC24_326c,Environment & Climate,binary,% Supporting,Strengthen Clean Air/Water Act enforcement (even if it costs jobs),97.0091,93.13,90.4664,77.0459,62.6317,51.2673,26.8186,29.6793,4.3782,83.7561,72.2662,69.8388,74.7868,64.1566,54.3478,50.7811,49.197,43.5193,46.5158,37.8158,40.0301,28.7925,17.2818,,,
45,CC24_326d,Environment & Climate,binary,% Supporting,Increase fossil fuel production in the U.S.,8.1938,10.0169,25.9202,36.3858,50.0336,70.3257,74.0844,85.0649,96.3562,31.153,40.9114,43.2097,43.6824,53.3558,59.7128,63.3784,64.3159,70.3518,60.8565,79.5097,65.2121,81.6609,90.5976,,,
46,CC24_326e,Environment & Climate,binary,% Supporting,Halt new oil and gas leases on federal lands,89.476,87.6893,74.3598,65.6536,50.8046,38.5447,20.9991,19.5656,3.2241,70.0067,60.7297,58.2291,60.0338,52.0991,43.5682,40.0978,38.0685,32.686,37.3921,26.7188,31.9943,20.01,11.5583,,,
47,CC24_326f,Environment & Climate,binary,% Supporting,Prevent government from banning gas stoves,36.8299,44.1319,56.6433,61.4964,62.1408,71.5926,77.1006,78.2704,90.4861,59.0699,61.7101,61.8186,62.623,66.5445,69.5345,70.7976,68.7168,71.496,68.8727,75.7535,71.5819,77.9078,84.2561,,,
48,CC24_328a,Healthcare & Housing,binary,% Supporting,Relax local zoning laws to allow more apartments/condos,69.6332,52.8005,63.0486,55.0034,54.3716,51.2787,40.223,41.7546,34.7906,59.026,54.7939,54.6875,58.3406,53.141,48.6546,47.6569,49.2276,47.0537,48.0047,45.3442,45.4424,41.2798,38.3422,,,
49,CC24_328b,Healthcare & Housing,binary,% Supporting,Expand federal tax incentives for affordable housing,96.6631,95.9166,92.8938,86.792,78.9586,72.9798,53.0424,59.6047,32.6072,89.8429,84.1944,82.8753,84.9282,79.8859,73.7638,71.7166,71.068,67.7333,67.2963,64.6458,62.6029,57.5704,46.3759,,,
50,CC24_328c,Healthcare & Housing,binary,% Supporting,Require able-bodied Medicaid recipients under 64 to work,17.1894,22.0528,40.1937,44.5384,49.3468,58.7486,58.3849,69.5243,72.7547,42.3661,46.1329,46.9426,47.6157,51.6435,56.5116,58.3931,57.5732,61.0498,53.4139,65.4629,55.0507,66.0711,71.1072,,,
51,CC24_328d,Healthcare & Housing,binary,% Supporting,Repeal the Affordable Care Act,1.4684,3.5629,5.0445,15.0659,33.492,41.3864,67.1593,62.1169,85.7204,10.0552,21.176,24.2789,19.5813,28.2262,37.6127,41.1557,45.1624,50.0944,48.6423,54.3036,54.7394,63.68,73.6826,,,
52,CC24_328e,Healthcare & Housing,binary,% Supporting,Expand Medicaid (income <$25k individual / <$40k family),99.3276,98.7615,95.4068,93.4622,84.2906,79.1274,65.8631,67.2118,38.0257,94.4345,90.4209,88.8764,88.895,86.2948,80.883,78.9064,77.3276,74.3849,75.9982,71.7028,72.661,66.7937,52.9106,,,
53,CC24_440a,Racial & Gender,likert5,"Mean (1=Strongly Agree, 5=Strongly Disagree)",White people have certain advantages because of their race,1.2172,1.2612,1.6061,1.912,2.3041,2.9772,3.6628,3.5336,4.3596,1.7591,2.042,2.108,2.1545,2.4446,2.6891,2.8112,2.8054,3.0172,2.9155,3.3239,3.1616,3.5737,3.9383,,,
286,CC24_440a,Racial & Gender,binary_agree,% Agreeing,White people have certain advantages because of their race,98.27,97.7,88.74,79.21,60.53,41.8,21.57,22.18,4.01,83.975,73.0157,69.87,69.964,60.505,51.8812,47.5869,44.8947,38.287,42.998,29.5747,35.9424,21.9909,13.2767,,,
59,CC24_440b,Racial & Gender,likert5,"Mean (1=Strongly Agree, 5=Strongly Disagree)","Racial problems in the U.S. are rare, isolated situations",4.7779,4.7575,4.3917,4.0527,3.612,3.1414,2.7983,2.9101,1.9846,4.2222,3.9066,3.8323,3.8916,3.597,3.5052,3.4191,3.3258,3.2049,3.2458,2.9973,3.0985,2.8754,2.4566,,,
287,CC24_440b,Racial & Gender,binary_agree,% Agreeing,"Racial problems in the U.S. are rare, isolated situations",0,0.04,2.03,8.8,18.75,34.35,45.28,41.11,74.61,5.415,12.0994,13.775,14.958,21.575,24.2829,26.7159,27.8662,31.7188,30.6885,38.5622,35.4931,42.4027,57.525,,,
65,CC24_440c,Racial & Gender,likert5,"Mean (1=Strongly Agree, 5=Strongly Disagree)",Women seek to gain power by getting control over men,4.8369,4.7164,4.4205,3.918,3.326,3.2341,2.8228,3.0973,2.6119,4.1692,3.7217,3.622,3.9459,3.5761,3.5247,3.4629,3.2328,3.1934,3.0996,3.1489,3.0084,3.0122,2.8595,,,
288,CC24_440c,Racial & Gender,binary_agree,% Agreeing,Women seek to gain power by getting control over men,0.04,0.43,3.45,11.12,24.5,29.21,41.07,30.87,48.92,7.285,15.5568,17.81,13.754,20.165,20.5842,22.0713,27.0971,28.1946,31.9565,30.2443,34.9573,34.032,39.7145,,,
71,CC24_440d,Racial & Gender,likert5,"Mean (1=Strongly Agree, 5=Strongly Disagree)",Women are too easily offended,4.6985,4.5808,4.1691,3.7287,3.1194,2.8954,2.4685,2.5764,2.0821,3.9489,3.5267,3.4241,3.6596,3.3121,3.1765,3.0897,2.898,2.8045,2.8265,2.6966,2.7086,2.543,2.3342,,,
289,CC24_440d,Racial & Gender,binary_agree,% Agreeing,Women are too easily offended,0.85,3.79,9.18,17.47,32.74,42.99,55.45,52.02,69.19,13.325,22.5336,25.105,22.704,30.23,34.0264,36.628,40.6004,43.9224,42.9595,48.6166,47.0723,53.0833,60.4333,,,
77,CC24_441a,Racial & Gender,likert5,"Mean (1=Strongly Agree, 5=Strongly Disagree)",Minorities should work their way up without special favors,4.6341,4.4872,3.8451,3.4333,2.8818,2.2248,1.9589,1.8511,1.4892,3.6392,3.2504,3.1576,3.197,2.8291,2.6751,2.556,2.4616,2.284,2.4665,1.9919,2.2994,1.8845,1.6738,,,
290,CC24_441a,Racial & Gender,binary_agree,% Agreeing,Minorities should work their way up without special favors,2.25,3.43,15.49,23.41,38.62,63.86,71.13,76.69,87.58,19.45,28.4536,31.015,34.838,43.635,48.9418,52.9537,54.1412,60.7006,53.2495,71.8544,59.137,74.9664,82.0261,,,
83,CC24_441b,Racial & Gender,likert5,"Mean (1=Strongly Agree, 5=Strongly Disagree)",Slavery/discrimination makes it hard for Blacks to rise,1.2508,1.3499,1.829,2.176,2.5874,3.1982,3.7137,3.8116,4.4692,2.0025,2.3124,2.3817,2.3767,2.6871,2.9598,3.0829,3.0865,3.2974,3.0942,3.5804,3.2982,3.7813,4.1338,,,
291,CC24_441b,Racial & Gender,binary_agree,% Agreeing,Slavery/discrimination makes it hard for Blacks to rise,97.65,95.15,82.67,69.14,50.3,37.04,19.85,17.37,4.24,75.905,62.8926,59.72,64.418,53.09,44.3318,40.4335,36.8745,31.2006,36.5975,24.7837,31.083,18.1388,10.9363,,,
89,CC24_441e,Racial & Gender,likert5,"Mean (1=Strongly Agree, 5=Strongly Disagree)",I resent when Whites deny racial discrimination exists,1.2057,1.3608,1.5169,1.833,2.1083,2.2492,2.9195,2.7095,4.0418,1.6749,1.9243,1.9707,1.8098,2.0411,2.253,2.319,2.3534,2.457,2.4733,2.536,2.6202,2.7746,3.3623,,,
292,CC24_441e,Racial & Gender,binary_agree,% Agreeing,I resent when Whites deny racial discrimination exists,97.04,90.28,87.12,74.88,62.88,62.65,38.3,41.21,7.81,81,70.9008,68.88,77.332,68.765,58.7453,56.21,54.0451,50.3114,51.819,49.2907,47.3676,40.3079,24.844,,,
95,CC24_441f,Racial & Gender,likert5,"Mean (1=Strongly Agree, 5=Strongly Disagree)",Whites get away with offenses that African Americans wouldn't,1.2437,1.2969,1.5717,1.8294,2.0119,2.4389,2.9934,2.9596,4.2954,1.7006,1.8899,1.9206,1.9186,2.1341,2.371,2.4561,2.3983,2.5616,2.4536,2.7633,2.6313,2.9701,3.6141,,,
293,CC24_441f,Racial & Gender,binary_agree,% Agreeing,Whites get away with offenses that African Americans wouldn't,97.46,94.3,86.9,78.7,69.24,60.28,39.37,39.3,9.56,82.8,75.563,73.97,76.252,69.49,59.8195,56.8527,57.0334,51.8748,55.7985,47.2074,50.389,39.3217,24.7274,,,
101,CC24_441g,Racial & Gender,likert5,"Mean (1=Strongly Agree, 5=Strongly Disagree)",Whites don't understand the problems African Americans face,1.5086,1.567,1.9435,2.1455,2.2023,2.613,3.0188,2.9019,3.9943,2.0445,2.1643,2.1739,2.2113,2.3792,2.508,2.5649,2.4875,2.6081,2.5697,2.793,2.7176,2.9381,3.4372,,,
294,CC24_441g,Racial & Gender,binary_agree,% Agreeing,Whites don't understand the problems African Americans face,92.23,85.14,74.73,63.43,60.08,52.24,34.02,36.84,7.25,69.08,62.3192,61.755,65.734,57.835,50.6881,48.6859,50.605,46.6008,48.353,42.6443,43.6336,35.9658,22.3409,,,
107,CC24_445a,Racial & Gender,binary_agree,% Agreeing,SCOTUS: Race in admissions violates Equal Protection (Agree/Disagree),15.0246,30.5111,41.635,55.6298,71.2793,79.6506,83.6675,84.8388,91.0881,48.6324,60.8192,63.4546,56.8412,67.6402,69.6268,71.8262,76.8075,79.1438,76.854,82.8834,79.0975,84.4757,87.901,,,
108,CC24_445b,Racial & Gender,binary_agree,% Agreeing,SCOTUS: Constitution doesn't protect abortion; Roe overruled (Agree/Disagree),4.9538,10.3602,17.128,31.314,51.2356,64.6591,76.8646,79.4661,94.9028,24.221,37.92,41.2748,36.1404,47.9865,54.3885,58.0143,62.7452,67.6093,62.7686,73.8853,67.4101,78.6596,87.0301,,,
109,CC24_421_1,Elections & Trust,likert5,"Mean (1=Strongly Agree, 5=Strongly Disagree)",Elections in the U.S. are fair,1.6584,3.2445,1.4053,2.3782,3.0445,1.4932,3.0863,2.3808,2.8104,1.8918,2.5991,2.7114,1.4405,1.9357,2.3794,2.3796,2.7739,2.6596,3.0633,2.0463,3.0709,2.5995,2.5913,,,
115,CC24_421_2,Elections & Trust,likert5,"Mean (1=Strongly Agree, 5=Strongly Disagree)",2024 state/local election was fair,1.0109,2.4948,1.0048,1.8687,2.8158,1.0312,2.8203,1.8351,2.3298,1.4367,2.1828,2.3422,1.0154,1.4499,1.8526,1.8501,2.416,2.247,2.8178,1.5321,2.8186,2.1405,2.0775,,,
121,CC24_423,Elections & Trust,trust,Weighted mean,Trust in federal government (1=Great deal … 4=None at all),2.6714,3.0138,2.4015,2.5967,2.7274,2.1954,3.0608,2.7572,3.1769,2.4991,2.64,2.662,2.3191,2.396,2.6736,2.6857,2.7395,2.7447,2.8774,2.5455,2.9378,2.8513,2.9629,,,
126,CC24_424,Elections & Trust,trust,Weighted mean,Trust in state government (1=Great deal … 4=None at all),2.2008,2.8161,2.1221,2.3903,2.6656,2.0054,2.8783,2.4074,2.7697,2.2562,2.4816,2.5279,2.0754,2.1978,2.3985,2.3998,2.5603,2.5158,2.7613,2.2559,2.7998,2.5534,2.5849,,,
146,pew_churatd,Religion,ordinal,Weighted mean,Church attendance (1=More than once/week … 6=Never),5.166,5.2493,4.8051,4.8238,3.9597,3.7676,4.1155,3.8983,3.8532,4.8145,4.5373,4.3918,4.3901,4.2957,4.3803,4.3106,3.9347,3.9241,4.0298,3.849,4.058,3.9656,3.8762,,,
153,pew_religimp,Religion,ordinal,Weighted mean,Importance of religion (1=Very important … 4=Not at all important),3.2704,3.2743,2.7807,2.6814,2.0918,1.9027,2.0313,1.8674,1.8132,2.731,2.4859,2.3866,2.4295,2.2921,2.2913,2.23,2.0003,1.9616,2.0646,1.8807,2.0536,1.9182,1.8408,,,
158,pew_bornagain,Religion,binary,% Supporting,Born-again or evangelical Christian,4.2843,7.2874,14.1411,19.1665,37.7053,43.0441,39.8736,42.5602,47.6868,16.6538,25.314,28.4359,25.7023,31.1053,30.3768,32.1383,39.6846,40.5211,38.681,42.7426,39.0737,41.7274,45.0722,,,
178,gender4,Demographics,categorical_dist,% Man,Gender,53.05,32.81,51.95,44.62,39.27,54.4,51.21,48.95,63.64,48.285,42.8459,41.945,52.93,49.51,46.6949,47.021,43.2165,44.8844,44.643,51.0041,46.8053,49.6506,56.1481,,,
179,gender4,Demographics,categorical_dist,% Woman,Gender,45.13,61.35,47.8,54.82,60.37,45.48,48.69,50.85,36.1,51.31,56.6604,57.595,46.872,50.15,52.9176,52.6186,56.4887,54.8484,55.114,48.826,52.9988,50.1804,43.6225,,,
180,gender4,Demographics,categorical_dist,% Non-binary,Gender,1.18,5.62,0.19,0.54,0.36,0.03,0.06,0.08,0,0.365,0.4803,0.45,0.126,0.285,0.3196,0.2849,0.2458,0.1976,0.225,0.0612,0.1707,0.0738,0.0408,,,
181,gender4,Demographics,categorical_dist,% Other,Gender,0.64,0.21,0.06,0.01,0,0.09,0.04,0.12,0.25,0.035,0.0067,0.005,0.072,0.05,0.0627,0.071,0.0489,0.0696,0.018,0.1087,0.0252,0.0952,0.1837,,,
182,race,Demographics,categorical_dist,% White,Race/ethnicity,76.31,65.87,69.36,56.7,43.36,66.18,70.24,78.39,81.17,63.03,52.2765,50.03,68.088,61.44,67.0938,68.7271,57.6417,63.6774,55.456,73.7881,60.324,75.8635,79.7522,,,
183,race,Demographics,categorical_dist,% Black,Race/ethnicity,5.65,10.48,12.02,16.39,27.29,11.87,9.48,5.96,1.12,14.205,20.0044,21.84,11.96,14.13,11.3919,10.6066,18.5938,14.9186,19.2755,8.1875,16.0501,7.0512,3.5884,,,
184,race,Demographics,categorical_dist,% Hispanic,Race/ethnicity,8.45,10.33,9.22,13.07,15.12,9.72,8.26,6.69,5.31,11.145,13.7498,14.095,9.42,11.395,10.0127,9.5323,11.6831,10.2306,12.033,7.832,10.7907,7.1767,6.0138,,,
185,race,Demographics,categorical_dist,% Asian,Race/ethnicity,3.04,4.22,4.54,6.23,5.14,4.37,2.79,4.05,1.87,5.385,5.8686,5.685,4.472,5.3,5.1853,5.0212,4.6956,4.5078,4.0825,4.1706,3.6569,3.6594,2.9818,,,
186,race,Demographics,categorical_dist,% Native American,Race/ethnicity,0.1,1.04,0.54,0.72,1.65,1.42,1.71,1.05,2.22,0.63,1.0284,1.185,0.892,1.07,0.8781,0.903,1.4054,1.302,1.677,1.1895,1.6879,1.2546,1.6233,,,
187,race,Demographics,categorical_dist,% Multiracial,Race/ethnicity,4.97,6.64,2.85,5.21,5.41,4,3.91,2.3,4.12,4.03,5.2763,5.31,3.31,4.605,3.8155,3.5964,4.1421,3.6062,4.735,2.9407,4.4634,2.7991,3.1918,,,
188,race,Demographics,categorical_dist,% Other,Race/ethnicity,0.95,0.67,1.18,1.36,1.51,1.86,3.18,1.39,4.06,1.27,1.4097,1.435,1.452,1.61,1.3744,1.3766,1.4611,1.4404,2.2615,1.5671,2.5639,1.9449,2.6983,,,
189,race,Demographics,categorical_dist,% Middle Eastern,Race/ethnicity,0.52,0.75,0.29,0.31,0.52,0.58,0.43,0.15,0.15,0.3,0.3796,0.415,0.406,0.445,0.2333,0.2213,0.3692,0.3054,0.4795,0.3121,0.4632,0.2368,0.15,,,
190,educ,Demographics,categorical_dist,% No HS,Education level,1.1,4.51,2.35,5.64,11.15,7.2,7.08,7.16,5.14,3.995,7.4671,8.395,4.29,6.42,6.3684,6.4828,9.5233,8.8358,9.3185,7.1751,8.5814,7.1352,6.1702,,,
191,educ,Demographics,categorical_dist,% HS grad,Education level,11.54,20.79,20.7,25.93,34.98,36.29,34.32,34.29,25.25,23.315,28.931,30.455,26.936,31.11,29.9361,30.5656,34.6987,34.5798,34.683,35.0438,34.5635,34.2993,29.8604,,,
192,educ,Demographics,categorical_dist,% Some college,Education level,19.68,24.03,18.35,22.35,20.26,17.61,22.44,17.9,20.04,20.35,21.657,21.305,18.054,19.98,20.2176,19.8825,19.2978,18.8912,21.241,17.7907,21.6358,19.3074,18.9486,,,
193,educ,Demographics,categorical_dist,% 2-year degree,Education level,7.48,7.96,10.11,10.93,10.63,9.9,10.39,10.31,10.27,10.52,10.8305,10.78,10.026,10.415,10.6329,10.5862,10.4995,10.4444,10.522,10.1555,10.4785,10.3348,10.2904,,,
194,educ,Demographics,categorical_dist,% 4-year degree,Education level,31.9,27.15,26.94,21.27,15.43,18.49,17.48,19.68,26.01,24.105,19.3335,18.35,23.56,19.88,20.5081,20.3883,17.1627,17.895,16.3525,19.2315,16.7238,18.998,22.7817,,,
195,educ,Demographics,categorical_dist,% Post-grad,Education level,28.29,15.55,21.54,13.87,7.54,10.51,8.3,10.67,13.29,17.705,11.771,10.705,17.128,12.19,12.3366,12.0956,8.8161,9.3554,7.882,10.6097,8.0196,9.9353,11.9538,,,
196,urbancity,Demographics,categorical_dist,% City,Type of area (1=City … 4=Rural),32.58,30,29.7,30.68,36.28,27.24,23.05,20.47,15.88,30.19,32.537,33.48,28.716,28.96,25.7874,25.0186,29.8343,27.1102,30.3265,23.0216,27.9305,21.2698,18.2209,,,
197,urbancity,Demographics,categorical_dist,% Suburb,Type of area (1=City … 4=Rural),43.57,46.91,42.24,41.71,33.11,37.7,34.56,41.11,41.11,41.975,38.8582,37.41,40.424,39.705,41.4225,41.3773,36.3716,37.75,33.7625,39.8248,34.0251,39.0795,41.11,,,
198,urbancity,Demographics,categorical_dist,% Town,Type of area (1=City … 4=Rural),11.38,11.37,13.17,12.63,11.34,13.12,14.71,12.43,12.89,12.9,12.2022,11.985,13.15,12.875,12.5342,12.5191,11.7844,11.9722,12.8565,12.6901,13.4668,13.1368,12.6554,,,
199,urbancity,Demographics,categorical_dist,% Rural area,Type of area (1=City … 4=Rural),12.1,11.32,14.56,13.97,18.51,21.44,27.18,25.64,29.66,14.265,15.4755,16.24,17.312,17.705,19.5623,20.441,21.4169,22.6454,22.4115,24.057,23.9816,26.1174,27.6098,,,
200,urbancity,Demographics,categorical_dist,% Other,Type of area (1=City … 4=Rural),0.37,0.4,0.33,1,0.76,0.5,0.5,0.36,0.46,0.665,0.9204,0.88,0.398,0.75,0.6933,0.6451,0.5969,0.528,0.643,0.4128,0.5959,0.4034,0.409,,,
201,region,Demographics,categorical_dist,% Northeast,Region,24.99,18.05,22.05,18.26,12.55,14.25,15.9,15.61,13.91,20.155,16.3666,15.405,18.93,16.255,16.9901,16.7906,13.7976,14.3248,14.0575,15.0974,14.6642,15.6999,14.777,,,
202,region,Demographics,categorical_dist,% Midwest,Region,20.46,21.01,20.73,18.96,17.41,22.31,21.93,22.64,22.5,19.845,18.446,18.185,21.362,20.635,20.7235,21.0006,19.5423,20.4434,19.444,22.5156,20.2626,22.4199,22.5714,,,
203,region,Demographics,categorical_dist,% South,Region,24.32,37.83,29.32,36.83,46.73,44.17,37.98,42.86,39.05,33.075,40.1128,41.78,35.26,40.5,39.7196,40.1736,45.1522,44.4854,42.7925,43.3537,41.2079,41.3472,40.9931,,,
204,region,Demographics,categorical_dist,% West,Region,30.23,23.11,27.9,25.96,23.31,19.26,24.19,18.89,24.55,26.93,25.0813,24.635,24.444,22.61,22.5721,22.0397,21.508,20.7464,23.706,19.0295,23.8654,20.533,21.6634,,,
205,age,Demographics,continuous,Median,"Age (years, derived from birth year)",41,33,55,43,38,51,46,59,60,49,41.342,40.5,53.4,47,50.6672,51.872,46.5617,50.18,41.6,55.9848,43.0488,54.97,59.49,,,
206,age,Demographics,continuous,Q25,"Age (years, derived from birth year)",29,25,39,29,27,33,34,43,44,34,28.3368,28,36.6,31,35.7088,36.763,33.5232,36.28,30.15,39.231,31.4177,40.21,43.49,,,
207,age,Demographics,continuous,Q75,"Age (years, derived from birth year)",58,43,67,60,53,64,60,68,67,63.5,57.6788,56.5,65.8,62,63.8336,64.436,59.1155,61.7,56.15,66.4924,57.4177,65.52,67.51,,,
208,faminc_new,Demographics,ordinal,Weighted mean,Family income,8.1686,6.654,7.6663,6.7074,5.4489,6.5223,6.4086,6.902,7.7629,7.1868,6.2901,6.0781,7.2087,6.6149,6.8007,6.8153,6.0413,6.2917,5.8808,6.7589,6.0546,6.749,7.3238,,,
209,faminc_new,Demographics,ordinal_dist,% <$10k,Family income,4.16,9,2.98,6.4,15.33,5.69,8.93,3.81,2.48,4.69,9.3612,10.865,4.064,6.045,5.1589,4.9638,10.6333,8.6484,12.45,4.5186,11.291,5.3972,3.1583,,,
210,faminc_new,Demographics,ordinal_dist,% $10k–20k,Family income,3.68,9.21,4.86,7.87,9.58,8.35,6.69,6.69,4.84,6.365,8.437,8.725,6.256,8.11,7.3045,7.2157,8.4017,7.9038,8.2795,7.3157,7.7561,6.69,5.7835,,,
211,faminc_new,Demographics,ordinal_dist,% $20k–30k,Family income,6.63,8.67,7.82,12.25,13.41,11.65,10.15,10.25,7.77,10.035,12.6347,12.83,9.352,11.95,11.2916,11.141,12.1217,11.5772,11.943,10.7777,11.3526,10.219,9.0348,,,
212,faminc_new,Demographics,ordinal_dist,% $30k–40k,Family income,5.87,9.81,8.34,8.47,9.74,10.5,9.1,9.79,8.56,8.405,8.8911,9.105,9.204,9.485,9.1025,9.2019,9.7604,9.769,9.452,10.0576,9.3361,9.5761,9.1873,,,
213,faminc_new,Demographics,ordinal_dist,% $40k–50k,Family income,6.22,6.81,8.49,8.25,7.54,7.07,7.8,8.73,7.01,8.37,8.0146,7.895,7.922,7.66,8.48,8.5162,8.0252,8.2302,7.657,8.1043,7.7041,8.4417,7.8872,,,
214,faminc_new,Demographics,ordinal_dist,% $50k–60k,Family income,6.78,7.81,7.86,8.08,10.34,10.08,10.44,9.23,7.83,7.97,8.8294,9.21,8.748,9.08,8.6311,8.7177,9.8875,9.6962,10.385,9.5504,10.4031,9.6051,8.544,,,
215,faminc_new,Demographics,ordinal_dist,% $60k–70k,Family income,6,5.54,7.01,6.83,5.68,6.55,7.54,7.59,6.65,6.92,6.4487,6.255,6.826,6.69,7.1942,7.2514,6.4587,6.7878,6.517,7.198,6.8538,7.5745,7.1294,,,
216,faminc_new,Demographics,ordinal_dist,% $70k–80k,Family income,8.42,6.46,8.16,7.26,5.6,8,6.67,7.62,7.14,7.71,6.7095,6.43,8.096,7.63,7.4325,7.4596,6.4236,6.7716,6.0815,7.7632,6.2753,7.3255,7.3848,,,
217,faminc_new,Demographics,ordinal_dist,% $80k–100k,Family income,10.29,7.48,9.8,8.12,5.95,9.27,9.77,10.56,11.48,8.96,7.4004,7.035,9.588,8.695,9.2892,9.473,7.8295,8.6238,7.669,10.0738,8.3608,10.3151,11.0108,,,
218,faminc_new,Demographics,ordinal_dist,% $100k–120k,Family income,10.14,8.84,8.5,7.05,5.55,6.08,8.53,7.13,10.07,7.775,6.5526,6.3,7.532,6.565,7.0883,7.0944,6.1942,6.4664,6.891,6.7343,7.4307,7.564,8.5706,,,
219,faminc_new,Demographics,ordinal_dist,% $120k–150k,Family income,12.1,8.31,9.71,7.18,4.47,6.66,7.2,8.53,11.16,8.445,6.2814,5.825,8.49,6.92,7.8269,7.9286,6.1253,6.8248,5.6985,7.8252,6.1929,8.1177,9.8187,,,
220,faminc_new,Demographics,ordinal_dist,% $150k–200k,Family income,9.72,6.12,7.87,5.44,3.23,5.54,4.25,5.41,8.02,6.655,4.7072,4.335,6.938,5.49,5.4256,5.4234,4.1188,4.4944,3.689,5.459,3.8737,5.0504,6.6889,,,
221,faminc_new,Demographics,ordinal_dist,% $200k–250k,Family income,4.6,3.33,3.79,2.91,1.76,1.94,1.41,2.24,3.18,3.35,2.5287,2.335,3.05,2.425,2.5889,2.5385,1.9557,2.0384,1.6025,2.1269,1.5391,1.9827,2.7006,,,
222,faminc_new,Demographics,ordinal_dist,% $250k–350k,Family income,4.03,1.72,3.28,2.2,0.75,1.77,0.71,1.23,1.54,2.74,1.7192,1.475,2.676,1.985,1.7352,1.6621,0.9457,1.0284,0.732,1.4335,0.7248,1.0688,1.3819,,,
223,faminc_new,Demographics,ordinal_dist,% $350k–500k,Family income,0.9,0.67,0.87,1.24,0.61,0.32,0.61,0.71,1.37,1.055,1.0311,0.925,0.65,0.78,0.986,0.9461,0.6508,0.668,0.61,0.563,0.61,0.679,1.0334,,,
224,faminc_new,Demographics,ordinal_dist,% $500k+,Family income,0.46,0.2,0.64,0.46,0.47,0.52,0.2,0.51,0.91,0.55,0.4633,0.465,0.592,0.49,0.484,0.4877,0.4863,0.4932,0.3485,0.5138,0.2996,0.4139,0.706,,,
225,marstat,Demographics,categorical_dist,% Married,Marital status,43.93,28.97,49.07,37.5,34.18,47.47,45.49,56.21,63.14,43.285,36.3991,35.84,48.43,42.485,46.4658,47.8747,43.1616,46.9574,39.2695,52.9159,41.3177,52.8868,59.6057,,,
226,marstat,Demographics,categorical_dist,% Separated,Marital status,1.08,1.41,0.96,1.95,2.59,1.45,2.97,1.62,1.32,1.455,2.1622,2.27,1.156,1.7,1.7919,1.767,2.1945,2.0274,2.761,1.5559,2.8298,2.0385,1.473,,,
227,marstat,Demographics,categorical_dist,% Divorced,Marital status,6.42,6.71,11.74,9.5,8.94,11.38,11.14,11.2,9.81,10.62,9.3143,9.22,11.596,10.44,10.3146,10.4427,9.8614,10.2508,9.93,11.2678,10.3284,11.1814,10.5189,,,
228,marstat,Demographics,categorical_dist,% Widowed,Marital status,2.77,1.94,5.39,4.13,4.04,5.75,4.97,7.84,5.58,4.76,4.1002,4.085,5.534,4.94,5.9078,6.1872,5.5893,6.244,4.4585,7.0523,4.6269,6.9503,6.7326,,,
229,marstat,Demographics,categorical_dist,% Never married,Marital status,40.82,53.03,28.22,39.14,42.32,29.08,29.12,19.45,16.92,33.68,40.1945,40.73,28.564,34.11,29.7046,28.2219,32.9959,29.0554,36.38,23.0795,33.9895,22.4477,18.2103,,,
230,marstat,Demographics,categorical_dist,% Domestic/civil partnership,Marital status,4.99,7.94,4.62,7.78,7.92,4.86,6.31,3.68,3.23,6.2,7.8264,7.85,4.716,6.32,5.8153,5.5066,6.1914,5.4608,7.1955,4.1247,6.9039,4.4953,3.4595,,,
231,child18,Demographics,binary,% Supporting,Children under 18 in household,18.8446,19.5257,17.7389,23.0216,29.7865,22.3617,29.0282,19.4741,18.7309,20.3803,25.2648,26.404,19.588,22.6916,21.3216,21.0545,25.5821,23.8053,29.4453,20.5624,29.3079,22.4359,19.1099,,,
233,numchildren,Demographics,continuous,Q25,Number of children,0,0,0,0,0,0,0,0,0,0,0,0,0,0,0,0,0,0,0,0,0,0,0,,,
232,numchildren,Demographics,continuous,Median,Number of children,0,0,1,1,1,1,1,2,2,1,1,1,1,1,1.4792,1.5545,1.4077,1.58,1,1.6231,1,1.69,2,,,
234,numchildren,Demographics,continuous,Q75,Number of children,2,1,2,2,2,2,2,3,3,2,2,2,2,2,2.4792,2.5545,2.4077,2.58,2,2.6231,2,2.69,3,,,
235,ownhome,Demographics,categorical_dist,% Own,Home ownership,64.72,50.19,70.95,59.37,52.04,67.83,65.49,76.48,83.92,65.16,56.9394,55.705,69.702,63.6,67.5691,68.8575,62.0042,66.2152,58.0925,73.2198,60.5283,73.0731,80.1256,,,
236,ownhome,Demographics,categorical_dist,% Rent,Home ownership,30.44,43.78,26.89,35.31,43.79,30,30.75,21.42,13.92,31.1,38.122,39.55,28.134,32.655,28.6539,27.608,34.6698,30.8154,37.922,24.6538,35.5605,24.3123,17.745,,,
237,ownhome,Demographics,categorical_dist,% Other,Home ownership,4.84,6.03,2.16,5.32,4.17,2.18,3.76,2.1,2.16,3.74,4.9387,4.745,2.168,3.75,3.777,3.5345,3.3261,2.9694,3.9855,2.1302,3.9112,2.6146,2.1294,,,
238,immstat,Demographics,categorical_dist,"% Immigrant, naturalized",Immigration background,3.73,4.79,5.15,6.18,7.81,8.73,4.07,5.09,3.2,5.665,6.7205,6.995,6.582,7.455,5.6577,5.5756,6.7011,6.2324,6.127,6.4619,5.4497,4.7738,4.1639,,,
239,immstat,Demographics,categorical_dist,"% Immigrant, not citizen",Immigration background,1.72,3.59,2.26,3.38,4.63,1.84,1.88,0.88,0.53,2.82,3.7945,4.005,2.092,2.61,2.182,1.9937,3.1011,2.455,3.3925,1.2418,2.8945,1.19,0.7085,,,
240,immstat,Demographics,categorical_dist,"% US-born, parent immigrant",Immigration background,10.75,14.73,10.61,14.04,13.44,10.99,9.57,8.13,7.72,12.325,13.841,13.74,10.762,12.515,11.2079,10.7629,11.2751,10.3602,11.6985,9.2079,10.9976,8.5764,7.9291,,,
241,immstat,Demographics,categorical_dist,"% US-born, grandparent immigrant",Immigration background,21.23,13.24,22.23,15.43,10.84,14.65,15.09,20.42,23.59,18.83,13.908,13.135,19.198,15.04,17.8212,18.197,14.7458,16.3964,12.7525,18.2453,13.5222,18.7677,21.9733,,,
242,immstat,Demographics,categorical_dist,% 3+ gen US-born,Immigration background,62.57,63.64,59.74,60.97,63.28,63.8,69.4,65.48,64.97,60.355,61.736,62.125,61.364,62.385,63.1312,63.4708,64.1769,64.556,66.034,64.8468,67.1423,66.6952,65.2301,,,
243,sexuality,Demographics,categorical_dist,% Heterosexual/straight,Sexual orientation,70.34,58.23,84.42,82.48,85.51,93.78,90.88,95.42,95.4,83.45,83.4847,83.995,88.164,88.13,88.6808,89.6552,89.5503,91.2578,87.9265,94.8019,88.899,94.0126,95.4102,,,
244,sexuality,Demographics,categorical_dist,% Lesbian/gay woman,Sexual orientation,3.17,3.42,2.05,1.72,1.39,0.37,0.54,0.39,0.04,1.885,1.6106,1.555,1.378,1.045,1.0827,0.9825,0.9823,0.81,1.0075,0.3825,0.8536,0.4365,0.2185,,,
245,sexuality,Demographics,categorical_dist,% Gay man,Sexual orientation,6.66,4.43,5.98,4.62,1.9,1.7,1.04,0.91,1.05,5.3,3.718,3.26,4.268,3.16,2.8422,2.5628,1.4964,1.3258,1.513,1.2078,1.3573,0.9503,0.9786,,,
246,sexuality,Demographics,categorical_dist,% Bisexual,Sexual orientation,14.47,23.45,4.92,7.13,6.42,2.39,4.32,1.62,2.03,6.025,6.8946,6.775,3.908,4.76,4.4896,4.0747,4.463,3.636,5.475,1.9102,5.0947,2.457,1.8209,,,
247,sexuality,Demographics,categorical_dist,% Other,Sexual orientation,3.77,7.29,1.35,1.15,1.98,1.07,1.18,0.51,0.15,1.25,1.4252,1.565,1.238,1.11,0.8433,0.7951,1.3807,1.1274,1.62,0.7211,1.4751,0.7177,0.3336,,,
248,sexuality,Demographics,categorical_dist,% Prefer not to say,Sexual orientation,1.58,3.17,1.29,2.89,2.79,0.68,2.04,1.16,1.33,2.09,2.8568,2.84,1.046,1.785,2.061,1.9307,2.1254,1.8446,2.4525,0.9791,2.3167,1.4328,1.2433,,,
249,employ,Employment & Labor,categorical_dist,% Full-time,Employment status,50.32,40.7,38.15,37.9,37.17,37.94,38.52,34.54,41.93,38.025,37.6579,37.535,38.066,37.92,36.2899,36.0369,36.0977,35.6446,37.7775,35.8215,38.022,35.7738,38.1611,,,
250,employ,Employment & Labor,categorical_dist,% Part-time,Employment status,9.13,12.72,9.72,11.62,13.18,12.49,11.95,9.83,7.81,10.67,12.1373,12.4,10.828,12.055,10.7622,10.6274,11.8142,11.237,12.6265,10.8326,12.4037,10.4872,8.8402,,,
251,employ,Employment & Labor,categorical_dist,% Temporarily laid off,Employment status,1.13,0.34,0.52,1.38,1.7,1.12,0.67,0.39,0.4,0.95,1.4861,1.54,0.76,1.25,0.9056,0.831,1.1659,0.9402,1.2365,0.6651,1.05,0.4768,0.3949,,,
252,employ,Employment & Labor,categorical_dist,% Unemployed,Employment status,7.4,15.07,5.79,8.92,14.2,7.89,7.98,5.65,5.59,7.355,10.6708,11.56,6.63,8.405,7.353,7.1068,10.7142,9.241,11.401,6.4943,10.2746,6.3723,5.6206,,,
253,employ,Employment & Labor,categorical_dist,% Retired,Employment status,13.35,5.72,29.81,17.28,11.38,23.85,17.75,32.21,28.85,23.545,15.3236,14.33,27.426,20.565,24.4345,25.5587,19.8724,23.4614,14.2465,29.0591,15.4001,27.7274,30.5636,,,
254,employ,Employment & Labor,categorical_dist,% Permanently disabled,Employment status,3.8,5.39,5.12,6.31,6.58,6.05,8.49,6.99,5.42,5.715,6.3995,6.445,5.492,6.18,6.6359,6.6871,6.7472,6.8178,7.4395,6.6357,7.7854,7.455,6.2207,,,
255,employ,Employment & Labor,categorical_dist,% Homemaker,Employment status,3.53,6.06,4.56,6.3,6.91,5.8,9.05,7.04,6.21,5.43,6.5023,6.605,5.056,6.05,6.6546,6.7103,6.963,6.9854,7.873,6.5726,8.2606,7.6631,6.6333,,,
256,employ,Employment & Labor,categorical_dist,% Student,Employment status,8.83,11.26,4.54,7.49,6.23,3.32,2.97,1.81,2.01,6.015,7.0722,6.86,4.052,5.405,4.7681,4.3404,4.428,3.6664,4.763,2.3791,4.1726,2.1696,1.908,,,
257,employ,Employment & Labor,categorical_dist,% Other,Employment status,2.5,2.74,1.79,2.81,2.67,1.54,2.61,1.55,1.78,2.3,2.7636,2.74,1.69,2.175,2.2062,2.1113,2.2134,2.0204,2.643,1.5462,2.6321,1.8786,1.6627,,,
258,union,Employment & Labor,categorical_dist,% Current member,Labor union membership,9.27,7.14,8.03,6.41,4.39,5.4,4.58,4.1,5.51,7.22,5.7402,5.4,6.978,5.905,5.303,5.1291,4.2718,4.2218,4.4755,4.59,4.5099,4.2488,4.7909,,,
259,union,Employment & Labor,categorical_dist,% Former member,Labor union membership,18.3,11.25,21.62,15.76,9.13,12.79,14.3,16.9,22.22,18.69,13.5615,12.445,18.088,14.275,16.3063,16.3921,12.2978,13.6366,11.4565,15.3509,12.3928,16.094,19.5068,,,
260,union,Employment & Labor,categorical_dist,% Never member,Labor union membership,72.43,81.61,70.35,77.83,86.48,81.81,81.12,79,72.28,74.09,80.6983,82.155,74.934,79.82,78.3907,78.4788,83.4304,82.1416,84.068,80.0591,83.0973,79.6572,75.7072,,,
261,unionhh,Employment & Labor,categorical_dist,% Currently member,Household union membership,9.14,6.12,7.39,8.18,5.44,5.37,8.37,4.99,4.94,7.785,7.2714,6.81,6.582,6.775,6.6514,6.4111,5.2565,5.179,6.7585,5.1332,7.2891,6.0378,4.9655,,,
262,unionhh,Employment & Labor,categorical_dist,% Formerly member,Household union membership,13.13,9.28,15.31,9.46,5.77,10.06,8.28,11.32,13.82,12.385,8.2364,7.615,13.21,9.76,10.3513,10.4914,8.0327,8.989,6.8995,10.8451,7.3541,10.3776,12.545,,,
263,unionhh,Employment & Labor,categorical_dist,% Never member,Household union membership,70.83,71.99,71.12,72.73,73.4,78.09,74.73,78.44,78.25,71.925,72.9522,73.065,73.908,75.41,75.4662,75.8962,75.4548,76.3232,73.9985,78.3081,74.2394,77.2899,78.3469,,,
264,unionhh,Employment & Labor,categorical_dist,% Not sure,Household union membership,6.9,12.62,6.19,9.63,15.38,6.48,8.61,5.25,2.98,7.91,11.5367,12.505,6.306,8.055,7.5311,7.2013,11.25,9.5046,12.3335,5.7136,11.1075,6.2916,4.1377,,,
265,hadjob,Employment & Labor,binary,% Supporting,Had a job in the past 5 years (% Yes),56.8773,60.5504,41.8414,46.7077,53.1052,39.7047,43.6933,40.4569,40.4042,44.2746,48.8291,49.9065,40.9867,43.2062,43.7123,43.2416,47.9485,45.7692,48.8698,40.1734,47.1653,41.4602,40.4311,,,
266,gigwork,Employment & Labor,binary,% Supporting,Gig / freelance work (% Yes),14.4008,24.3313,12.0277,19.9345,27.1204,21.591,20.7645,13.524,9.5747,15.9811,22.3173,23.5275,15.853,20.7628,16.8626,16.3799,21.5771,19.2345,24.2602,16.5645,23.1092,15.7686,11.5888,,,
267,investor,Employment & Labor,binary,% Supporting,Owns stocks or mutual funds (% Yes),58.1696,35.9215,56.3547,40.0528,27.9123,40.5127,36.5457,45.0794,53.3791,48.2037,36.027,33.9825,50.0179,40.2828,42.4615,42.84,34.9113,37.8692,31.7973,43.3582,33.3608,42.434,49.1463,,,
268,milstat_1,Demographics,binary,% Supporting,Currently serving in military (% Yes),0.2937,0.1263,0.1807,0.3496,1.1736,1.1244,1.1428,0.081,0.5782,0.2651,0.6228,0.7616,0.5582,0.737,0.2209,0.2007,0.7281,0.5399,1.1597,0.4743,1.1542,0.4102,0.3246,,,
269,milstat_3,Demographics,binary,% Supporting,Previously served in military (% Yes),4.2875,3.0464,7.9847,6.6521,5.5362,8.7491,9.5049,13.5638,18.0805,7.3184,6.2821,6.0941,8.2905,7.7006,9.9642,10.4846,8.8091,10.1922,7.3221,11.7491,8.0408,12.3055,15.777,,,
270,presvote20post,Voting History,categorical_dist,% Biden,2020 Presidential vote,88.66,70.51,85.4,61.77,37.88,33.2,9.75,11.86,1.7,73.585,53.8481,49.825,64.52,47.485,37.8531,34.0949,27.2716,22.7884,25.2215,19.903,20.1272,11.2059,6.8816,,,
271,presvote20post,Voting History,categorical_dist,% Trump,2020 Presidential vote,0.4,0.42,2.8,6.73,16.33,41.87,58.22,69.38,89.37,4.765,9.9134,11.53,18.428,24.3,36.7519,41.4694,37.9585,47.099,35.1805,59.0115,42.7668,65.9204,79.1751,,,
272,presvote20post,Voting History,categorical_dist,% Jorgensen,2020 Presidential vote,0.17,0.3,0.4,1.15,1.15,1.07,1.03,1.2,0.72,0.775,1.15,1.15,0.668,1.11,1.174,1.1777,1.1704,1.179,1.096,1.151,1.0743,1.1473,0.9648,,,
273,presvote20post,Voting History,categorical_dist,% Hawkins,2020 Presidential vote,1.35,0.71,0.22,0.42,0.16,0.01,0.13,0.09,0.02,0.32,0.3338,0.29,0.136,0.215,0.2619,0.237,0.1315,0.1194,0.1465,0.0598,0.1411,0.1024,0.0557,,,
274,presvote20post,Voting History,categorical_dist,% Other,2020 Presidential vote,0.84,0.55,0.27,0.37,0.44,0.76,0.55,0.42,0.4,0.32,0.3932,0.405,0.466,0.565,0.394,0.3977,0.4318,0.4284,0.4895,0.5481,0.5094,0.4603,0.4102,,,
275,presvote20post,Voting History,categorical_dist,% Did not vote,2020 Presidential vote,8.58,27.51,10.91,29.56,44.03,23.09,30.32,17.04,7.8,20.235,34.3583,36.795,15.782,26.325,23.5604,22.6177,33.0262,28.3758,37.8605,19.3202,35.3776,21.1568,12.5124,,,
276,presvote16post,Voting History,categorical_dist,% Clinton,2016 Presidential vote,67.81,44.53,67.36,44.66,26.43,23.94,6.02,8.07,1.98,56.01,38.6149,35.545,49.992,34.3,27.1261,24.3708,18.9446,15.7812,17.2455,14.0514,13.5492,7.4345,5.0859,,,
277,presvote16post,Voting History,categorical_dist,% Trump,2016 Presidential vote,0.52,1.47,4.6,7.04,13.41,38.35,47.69,61.68,77.26,5.82,9.1523,10.225,18.1,22.695,33.2235,37.3379,33.0897,41.4066,28.836,52.8869,35.0441,57.3431,69.3142,,,
278,presvote16post,Voting History,categorical_dist,% Johnson,2016 Presidential vote,2.45,2.4,2.79,2.98,1.9,2.66,3.26,2.3,2.59,2.885,2.6219,2.44,2.738,2.82,2.6541,2.6029,2.0631,2.132,2.512,2.4357,2.7583,2.5976,2.4421,,,
279,presvote16post,Voting History,categorical_dist,% Stein,2016 Presidential vote,3.03,3.47,1.67,1.2,1.74,0.87,0.58,0.34,0.34,1.435,1.3791,1.47,1.35,1.035,0.7879,0.7231,1.1692,0.928,1.218,0.5398,1.0079,0.4144,0.34,,,
280,presvote16post,Voting History,categorical_dist,% McMullin,2016 Presidential vote,0.13,0.39,0.55,0.47,0.33,0.43,0.43,0.55,0.61,0.51,0.4236,0.4,0.502,0.45,0.5083,0.5144,0.4197,0.4576,0.375,0.5048,0.3931,0.5128,0.5794,,,
281,presvote16post,Voting History,categorical_dist,% Other,2016 Presidential vote,1.02,0.96,1.18,1.3,1.26,1.3,1.23,1.1,1.32,1.24,1.2867,1.28,1.228,1.3,1.2042,1.1891,1.1948,1.1672,1.2465,1.1754,1.2411,1.1403,1.2078,,,
282,presvote16post,Voting History,categorical_dist,% Did not vote,2016 Presidential vote,25.03,46.78,21.86,42.35,54.93,32.45,40.79,25.96,15.9,32.105,46.5215,48.64,26.096,37.4,34.4959,33.2617,43.1189,38.1274,48.567,28.4061,46.0062,30.5573,21.0306,,,
283,gunown,Demographics,categorical_dist,% Personally owns,Personal gun ownership,11.38,9.79,17.01,18.17,18.83,28.97,37.32,39.18,54.91,17.59,18.3889,18.5,21.794,23.57,28.238,29.82,27.1267,30.633,27.1505,35.3319,30.499,38.6034,46.8877,,,
284,gunown,Demographics,categorical_dist,"% HH owns, not me",Personal gun ownership,8.27,16.42,11.63,13.26,14.22,13.01,15.34,12.78,8.48,12.445,13.5783,13.74,12.182,13.135,13.03,12.9938,13.6329,13.3848,14.724,12.8667,14.9268,13.5736,10.673,,,
285,gunown,Demographics,categorical_dist,% No one in HH,Personal gun ownership,80.35,73.8,71.36,68.57,66.96,58.03,47.35,48.05,36.61,69.965,68.0361,67.765,66.028,63.3,58.7368,57.1917,59.2504,55.9922,58.1355,51.8115,54.5841,47.833,42.4444,,,
90,CC24_441e,Racial & Gender,likert5_dist,% Strongly Agree,I resent when Whites deny racial discrimination exists,83.66,76.92,66.82,48.78,39,37.89,19.79,22.35,1.74,57.8,45.537,43.89,55.248,43.335,36.1147,34.1246,32.2118,29.343,30.3555,28.207,26.8766,21.5564,12.2511,,,
91,CC24_441e,Racial & Gender,likert5_dist,% Agree,I resent when Whites deny racial discrimination exists,13.38,13.36,20.3,26.1,23.88,24.76,18.51,18.86,6.07,23.2,25.3638,24.99,22.084,25.43,22.6306,22.0854,21.8333,20.9684,21.4635,21.0837,20.491,18.7515,12.5929,,,
92,CC24_441e,Racial & Gender,likert5_dist,% Neither,I resent when Whites deny racial discrimination exists,2.05,7.7,9.82,20.14,28.11,22.04,31.05,36.35,28.19,14.98,22.7829,24.125,14.708,21.09,27.9078,29.1284,31.4694,32.8892,29.433,30.9566,29.9654,34.707,32.3516,,,
93,CC24_441e,Racial & Gender,likert5_dist,% Disagree,I resent when Whites deny racial discrimination exists,0.58,0.74,0.47,2.98,5.32,5.18,11.27,10.35,14.28,1.725,3.7559,4.15,2.354,4.08,6.5117,7.0667,7.3707,8.2374,7.9975,8.4014,9.075,10.6352,12.2757,,,
94,CC24_441e,Racial & Gender,likert5_dist,% Strongly Disagree,I resent when Whites deny racial discrimination exists,0.34,1.27,2.58,2,3.69,10.13,19.38,12.08,49.72,2.29,2.5604,2.845,5.6,6.065,6.8303,7.5894,7.1106,8.5562,10.7505,11.345,13.592,14.343,30.5236,,,
96,CC24_441f,Racial & Gender,likert5_dist,% Strongly Agree,Whites get away with offenses that African Americans wouldn't,78.66,77.94,64.85,47.07,41.58,33.89,22.87,22.66,1.36,55.96,45.2495,44.325,52.466,40.48,35.3727,33.5347,33.8663,30.6064,33.1605,26.8926,29.7721,22.7251,12.223,,,
97,CC24_441f,Racial & Gender,likert5_dist,% Agree,Whites get away with offenses that African Americans wouldn't,18.8,16.36,22.05,31.63,27.66,26.39,16.5,16.64,8.2,26.84,30.3135,29.645,23.786,29.01,24.4468,23.318,23.1671,21.2684,22.638,20.3148,20.6169,16.5966,12.5044,,,
98,CC24_441f,Racial & Gender,likert5_dist,% Neither,Whites get away with offenses that African Americans wouldn't,2.25,4.62,7.51,15.35,22.55,16.06,25.5,25.87,13.21,11.43,17.7375,18.95,10.93,15.705,20.3912,21.1833,23.9036,24.4756,23.8775,22.1726,24.4117,25.7553,19.6666,,,
99,CC24_441f,Racial & Gender,likert5_dist,% Disagree,Whites get away with offenses that African Americans wouldn't,0.12,0.21,2.25,3.21,4.42,9.29,8.7,11.74,13.99,2.73,3.6112,3.815,5.066,6.25,7.2976,7.9399,7.4044,8.6656,6.346,10.8166,7.1211,10.7976,12.8425,,,
100,CC24_441f,Racial & Gender,likert5_dist,% Strongly Disagree,Whites get away with offenses that African Americans wouldn't,0.18,0.86,3.34,2.75,3.79,14.38,26.44,23.09,63.23,3.045,3.0949,3.27,7.756,8.565,12.4969,14.0285,11.6586,14.984,13.9825,19.8072,18.0844,24.1285,42.7586,,,
102,CC24_441g,Racial & Gender,likert5_dist,% Strongly Agree,Whites don't understand the problems African Americans face,58.98,61.48,42.64,31.32,33.23,24.17,18.11,16.56,1.57,36.98,31.9534,32.275,35.252,27.745,24.247,23.1356,26.4336,23.5614,26.426,19.4282,23.6878,17.0405,9.2149,,,
103,CC24_441g,Racial & Gender,likert5_dist,% Agree,Whites don't understand the problems African Americans face,33.25,23.66,32.09,32.11,26.85,28.07,15.91,20.28,5.68,32.1,30.3658,29.48,30.482,30.09,26.4411,25.5503,24.1714,23.0394,21.927,23.2161,19.9458,18.9253,13.126,,,
104,CC24_441g,Racial & Gender,likert5_dist,% Neither,Whites don't understand the problems African Americans face,6.17,12.7,16.72,29.65,30.13,22.86,33.59,34.56,29.02,23.185,29.8092,29.89,19.176,26.255,32.0029,32.3726,31.9361,32.6994,31.687,30.1503,32.3136,34.2593,31.8454,,,
105,CC24_441g,Racial & Gender,likert5_dist,% Disagree,Whites don't understand the problems African Americans face,1.14,1,5.37,4.52,6.02,12.08,10.78,13.63,19.23,4.945,5.0174,5.27,8.054,8.3,8.8855,9.5715,9.1226,10.4338,8.162,13.0458,9.024,12.7465,16.374,,,
106,CC24_441g,Racial & Gender,likert5_dist,% Strongly Disagree,Whites don't understand the problems African Americans face,0.46,1.16,3.18,2.4,3.76,12.81,21.61,14.97,44.51,2.79,2.851,3.08,7.032,7.605,8.4235,9.3701,8.3303,10.2618,11.7925,14.1559,15.0251,17.0284,29.4446,,,
110,CC24_421_1,Elections & Trust,likert5_dist,% Strongly Agree,Elections in the U.S. are fair,49.95,4.03,67.53,18.87,9.13,58.5,5.47,13.55,7.84,43.2,15.6402,14,63.918,38.685,16.3207,15.9201,10.932,11.6936,7.483,30.4917,6.8202,11.0452,10.7521,,,
111,CC24_421_1,Elections & Trust,likert5_dist,% Agree,Elections in the U.S. are fair,40.83,28.73,27.02,42.96,26.39,35.31,30.9,50.43,40.1,34.99,37.4654,34.675,30.336,39.135,46.5396,47.1021,36.1911,40.3332,28.4195,44.7313,29.2363,44.3757,45.3683,,,
112,CC24_421_1,Elections & Trust,likert5_dist,% Neither,Elections in the U.S. are fair,4.53,21.27,3.2,22.97,31.12,4.69,27.32,22.27,22.89,13.085,25.6725,27.045,3.796,13.83,22.6346,22.5818,27.5119,25.987,29.41,15.6441,28.7218,23.8355,22.5738,,,
113,CC24_421_1,Elections & Trust,likert5_dist,% Disagree,Elections in the U.S. are fair,2.82,30.73,1.88,11.89,17.58,1.37,22.14,11.87,21.53,6.885,13.7768,14.735,1.676,6.63,11.8804,11.8789,15.252,14.2682,19.632,7.9125,20.4578,15.0537,16.6034,,,
114,CC24_421_1,Elections & Trust,likert5_dist,% Strongly Disagree,Elections in the U.S. are fair,1.88,15.25,0.36,3.32,15.76,0.13,14.16,1.88,7.65,1.84,7.4451,9.54,0.268,1.725,2.63,2.5215,10.1011,7.7096,15.04,1.2204,14.7502,5.6868,4.7073,,,
116,CC24_421_2,Elections & Trust,likert5_dist,% Strongly Agree,2024 state/local election was fair,98.91,11.87,99.52,32.8,11.83,96.88,12.23,36.38,29.57,66.16,25.8463,22.315,98.464,64.84,34.5155,34.7851,21.839,26.069,12.01,59.1825,12.0824,28.8935,33.0431,,,
117,CC24_421_2,Elections & Trust,likert5_dist,% Agree,2024 state/local election was fair,1.09,45.9,0.48,47.65,27.22,3.12,29.78,44.67,33.17,24.065,40.8754,37.435,1.536,25.385,46.222,45.9976,34.3344,37.341,28.372,29.0098,28.8356,40.0541,39.035,,,
118,CC24_421_2,Elections & Trust,likert5_dist,% Neither,2024 state/local election was fair,0,27.73,0,19.45,38.72,0,32.34,18.03,18.59,9.725,25.8399,29.085,0,9.725,18.7695,18.6626,30.2847,26.7198,35.849,11.2345,34.6936,22.4661,18.3044,,,
119,CC24_421_2,Elections & Trust,likert5_dist,% Disagree,2024 state/local election was fair,0,9.9,0,0.1,12.03,0,15.05,0.9,12.05,0.05,4.056,6.065,0,0.05,0.4834,0.5436,7.4923,5.5746,13.389,0.5608,13.9359,5.2865,6.3635,,,
120,CC24_421_2,Elections & Trust,likert5_dist,% Strongly Disagree,2024 state/local election was fair,0,4.61,0,0,10.21,0,10.6,0.02,6.62,0,3.3856,5.105,0,0,0.0096,0.0111,6.0555,4.2998,10.3855,0.0125,10.4561,3.2998,3.254,,,
122,CC24_423,Elections & Trust,trust_dist,% Great deal,Trust in federal government (1=Great deal … 4=None at all),4.29,1.03,10.8,6.19,5.5,21.09,3.06,3.15,0.58,8.495,5.9612,5.845,14.916,13.64,4.7332,4.5043,4.5419,4.137,4.402,9.9116,3.9601,3.1221,1.8907,,,
123,CC24_423,Elections & Trust,trust_dist,% Fair amount,Trust in federal government (1=Great deal … 4=None at all),35.92,18.12,45.55,37.91,33.19,44.12,16.52,30.1,11.9,41.73,36.3448,35.55,44.978,41.015,34.1674,33.5794,31.9302,31.3978,25.6885,35.3841,22.6696,25.8902,21.182,,,
124,CC24_423,Elections & Trust,trust_dist,% Not very much,Trust in federal government (1=Great deal … 4=None at all),48.16,59.29,36.34,45.92,44.39,28.95,51.7,54.62,56.76,41.13,45.4127,45.155,33.384,37.435,50.089,50.7442,48.5608,50.3234,47.6795,44.945,49.0033,53.7148,55.6686,,,
125,CC24_423,Elections & Trust,trust_dist,% None at all,Trust in federal government (1=Great deal … 4=None at all),11.63,21.56,7.31,9.97,16.92,5.84,28.72,12.13,30.76,8.64,12.2746,13.445,6.722,7.905,11.0051,11.1677,14.9671,14.1418,22.23,9.7593,24.367,17.2729,21.2587,,,
127,CC24_424,Elections & Trust,trust_dist,% Great deal,Trust in state government (1=Great deal … 4=None at all),17.82,4.76,21.39,11.54,7,28.99,4.1,12.6,7.8,16.465,10.0345,9.27,24.43,20.265,12.048,12.1278,9.2831,10.248,5.695,18.7774,5.1698,9.965,10.248,,,
128,CC24_424,Elections & Trust,trust_dist,% Fair amount,Trust in state government (1=Great deal … 4=None at all),50.97,31.34,50.79,46.49,37.28,45.67,30.64,44,33.69,48.64,43.436,41.885,48.742,46.08,45.2968,45.1093,40.0197,41.1776,34.292,44.6294,33.0895,39.8584,38.9481,,,
129,CC24_424,Elections & Trust,trust_dist,% Not very much,Trust in state government (1=Great deal … 4=None at all),24.53,41.42,22.05,33.37,37.87,21.17,38.59,33.45,32.25,27.71,34.8622,35.62,21.698,27.27,33.4083,33.4144,36.068,35.3064,38.194,28.8217,38.3244,35.0434,32.862,,,
130,CC24_424,Elections & Trust,trust_dist,% None at all,Trust in state government (1=Great deal … 4=None at all),6.68,22.47,5.78,8.6,17.85,4.18,26.67,9.94,26.26,7.19,11.6673,13.225,5.14,6.39,9.2421,9.343,14.6251,13.2622,21.819,7.7691,23.4163,15.1263,17.9368,,,
131,CC24_312a,Approval,approval4,Weighted mean,Job approval — President Biden,1.8576,2.3321,1.7032,2.1854,2.7118,3.0209,3.7169,3.674,3.9723,1.9443,2.36,2.4486,2.2303,2.6032,2.8987,3.0108,3.1041,3.2699,3.1641,3.4278,3.3461,3.6873,3.8202,,,
132,CC24_312a,Approval,approval4_dist,% Strongly approve,Job approval — President Biden,35.4,17.8,45.84,26.59,17.08,14.15,2.43,3,0.08,36.215,23.4365,21.835,33.164,20.37,15.2857,13.5093,11.3396,8.9136,10.4875,7.2024,7.8344,2.8233,1.5692,,,
133,CC24_312a,Approval,approval4_dist,% Somewhat approve,Job approval — President Biden,48.85,47.5,42.1,42.12,28.34,19.64,6.23,7.53,0.19,42.11,37.5506,35.23,33.116,30.88,25.5445,22.9398,19.8558,16.2702,18.3905,12.0943,14.3864,7.127,3.9334,,,
134,CC24_312a,Approval,approval4_dist,% Somewhat disapprove,Job approval — President Biden,10.32,18.4,7.96,17.44,20.89,16.19,8.55,8.55,2.14,12.7,18.584,19.165,11.252,16.815,13.1799,12.5105,15.859,13.7328,15.337,11.4295,13.1022,8.55,5.4091,,,
135,CC24_312a,Approval,approval4_dist,% Strongly disapprove,Job approval — President Biden,5.43,16.31,4.1,13.85,33.68,50.02,82.78,80.92,97.59,8.975,20.4256,23.765,22.468,31.935,45.9899,51.0403,52.9397,61.0792,55.775,69.2738,64.667,81.4966,89.0883,,,
136,CC24_312b,Approval,approval4,Weighted mean,Job approval — U.S. Congress,3.2843,3.2994,3.1679,3.061,2.9039,2.786,3.2644,3.0242,3.2271,3.1144,3.0089,2.9825,3.0151,2.9235,3.0434,3.0406,2.9529,2.9737,3.0661,2.9344,3.1314,3.0987,3.1236,,,
137,CC24_312b,Approval,approval4_dist,% Strongly approve,Job approval — U.S. Congress,0.38,0.4,1.95,2.24,4.89,7.35,1.66,1.85,0.52,2.095,3.1187,3.565,4.11,4.795,2.0531,2.0237,3.6506,3.1268,3.4365,3.923,2.8515,1.7911,1.1983,,,
138,CC24_312b,Approval,approval4_dist,% Somewhat approve,Job approval — U.S. Congress,12.41,12.62,19.01,22.04,28.63,30.94,13.79,20.77,15.14,20.525,24.2252,25.335,23.782,26.49,21.4314,21.3358,25.4255,24.0712,21.952,24.6031,19.2645,18.6062,18.0113,,,
139,CC24_312b,Approval,approval4_dist,% Somewhat disapprove,Job approval — U.S. Congress,45.62,43.61,39.33,43.07,37.67,37.48,41,50.49,45.45,41.2,41.2794,40.37,38.59,40.275,46.6257,47.1844,42.8967,45.1056,39.1685,45.5865,39.7716,47.5481,48.0204,,,
140,CC24_312b,Approval,approval4_dist,% Strongly disapprove,Job approval — U.S. Congress,41.59,43.37,39.71,32.64,28.8,24.23,43.55,26.89,38.89,36.175,31.3667,30.72,33.518,28.435,29.8846,29.4516,28.0213,27.6922,35.4375,25.8874,38.1087,32.0546,32.77,,,
141,CC24_312c,Approval,approval4,Weighted mean,Job approval — U.S. Supreme Court,3.8393,3.7648,3.6724,3.3809,2.9346,2.4258,2.519,2.214,1.9229,3.5267,3.2329,3.1578,3.1738,2.9034,2.8217,2.7339,2.6408,2.5167,2.7476,2.2938,2.6723,2.3086,2.0714,,,
142,CC24_312c,Approval,approval4_dist,% Strongly approve,Job approval — U.S. Supreme Court,0.09,0.34,1.2,2.47,6.85,19.31,12.73,21.92,28.44,1.835,3.9224,4.66,8.444,10.89,11.7904,13.255,12.994,15.5906,9.496,20.9363,10.5609,19.0711,25.1148,,,
143,CC24_312c,Approval,approval4_dist,% Somewhat approve,Job approval — U.S. Supreme Court,2.77,4.1,5.06,15.38,29.08,39.08,45.41,47.65,56.18,10.22,19.9229,22.23,18.668,27.23,30.8438,33.2737,36.651,39.8506,36.4285,44.42,39.3859,46.9556,51.8297,,,
144,CC24_312c,Approval,approval4_dist,% Somewhat disapprove,Job approval — U.S. Supreme Court,10.27,14.28,19.04,23.75,27.83,21.33,19.1,17.54,10.04,21.395,25.1029,25.79,19.956,22.54,20.7742,20.3066,23.6348,21.8618,23.9015,18.9685,22.3205,18.0236,13.865,,,
145,CC24_312c,Approval,approval4_dist,% Strongly disapprove,Job approval — U.S. Supreme Court,86.87,81.27,74.7,58.4,36.24,20.28,22.77,12.89,5.34,66.55,51.0517,47.32,52.932,39.34,36.5916,33.1647,26.7202,22.697,30.1785,15.6753,27.7391,15.9528,9.1905,,,
147,pew_churatd,Religion,ordinal_dist,% More than once/week,Church attendance (1=More than once/week … 6=Never),0.87,0.79,2.87,2.3,10.57,10.82,7.99,9.68,11.64,2.585,5.0423,6.435,6.05,6.56,5.8365,6.3922,10.2071,10.0538,9.409,10.1097,8.9418,9.1561,10.6404,,,
148,pew_churatd,Religion,ordinal_dist,% Once/week,Church attendance (1=More than once/week … 6=Never),6.59,5.72,11.07,9.45,20.57,24.28,19.62,21.32,22.47,10.26,13.1374,15.01,16.354,16.865,15.1381,16.0319,20.8758,21.005,20.1425,22.4356,19.9705,20.793,21.8835,,,
149,pew_churatd,Religion,ordinal_dist,% 1–2x/month,Church attendance (1=More than once/week … 6=Never),3.91,3.13,5.64,5.53,7.41,8.66,6.91,8.21,6.1,5.585,6.1534,6.47,6.848,7.095,6.8143,7.0161,7.7362,7.874,7.185,8.3796,7.0945,7.807,7.1761,,,
150,pew_churatd,Religion,ordinal_dist,% Few times/year,Church attendance (1=More than once/week … 6=Never),10.22,8.65,11.04,13.21,13.8,14.14,13.52,15.41,14.18,12.125,13.4056,13.505,12.28,13.675,14.2642,14.4299,14.4564,14.7338,13.674,14.9313,13.6233,14.8241,14.8073,,,
151,pew_churatd,Religion,ordinal_dist,% Seldom,Church attendance (1=More than once/week … 6=Never),20.55,21.56,21.87,25.3,19.08,17.78,22.2,21.04,19.92,23.585,23.2374,22.19,20.234,21.54,23.2586,22.9378,19.8791,20.2168,20.484,19.8113,21.049,21.3996,20.4912,,,
152,pew_churatd,Religion,ordinal_dist,% Never,Church attendance (1=More than once/week … 6=Never),57.87,60.15,47.51,44.2,28.57,24.32,29.75,24.34,25.68,45.855,39.0171,36.385,38.234,34.26,34.6831,33.1876,26.8454,26.1166,29.101,24.3325,29.3147,26.0171,24.9966,,,
154,pew_religimp,Religion,ordinal_dist,% Very important,Importance of religion (1=Very important … 4=Not at all important),10.23,9.77,20.59,19.72,42.43,49.94,43.65,48.48,53.48,20.155,27.2506,31.075,32.33,34.83,33.5018,35.6674,44.8966,45.939,42.979,49.0303,43.1999,46.9827,50.93,,,
155,pew_religimp,Religion,ordinal_dist,% Somewhat important,Importance of religion (1=Very important … 4=Not at all important),14.27,12.29,20.7,25.8,25.18,22.8,26.05,27.37,23.18,23.25,25.5944,25.49,21.54,24.3,26.5523,26.6706,26.0729,26.4502,25.5715,25.6476,25.7291,26.9608,25.3169,,,
156,pew_religimp,Religion,ordinal_dist,% Not too important,Importance of religion (1=Very important … 4=Not at all important),13.71,18.67,18.76,21.12,13.17,14.31,13.82,13.08,11.88,19.94,18.4838,17.145,16.98,17.715,17.2672,16.6618,13.1333,13.1178,13.4625,13.5436,13.5802,13.3094,12.492,,,
157,pew_religimp,Religion,ordinal_dist,% Not at all important,Importance of religion (1=Very important … 4=Not at all important),61.78,59.27,39.95,33.37,19.22,12.95,16.48,11.07,11.46,36.66,28.6779,26.295,29.15,23.16,22.6838,21.0046,15.8972,14.493,17.987,11.7786,17.4908,12.7471,11.2611,,,
159,ideo5,Demographics,ordinal,Weighted mean,Ideological self-identification (1=Very Liberal … 5=Very Conservative),1.6147,1.5715,2.1897,2.4795,2.9469,3.3999,3.7281,3.8076,4.2101,2.3346,2.6345,2.7132,2.6738,2.9397,3.1159,3.2159,3.2978,3.4461,3.2984,3.6539,3.4399,3.783,4.0048,,,
165,CC24_330a,Demographics,ordinal,Weighted mean,Ideology self-placement 7-pt (1=Very Liberal … 7=Very Conservative),1.8149,1.7912,2.619,3.1107,3.8995,4.6484,5.2187,5.3683,6.0216,2.8649,3.3723,3.5051,3.4308,3.8796,4.1925,4.3625,4.4983,4.7514,4.4931,5.097,4.732,5.3219,5.6884,,,
173,pid3,Demographics,categorical_dist,% Democrat,Party identification (3-point),74.47,61.79,68.92,54.02,35.88,25.34,9.67,10.32,1.18,61.47,48.0048,44.95,51.488,39.68,33.079,29.7884,25.4592,21.0552,24.0855,15.981,19.3389,10.1185,5.8414,,,
174,pid3,Demographics,categorical_dist,% Republican,Party identification (3-point),0.16,0.02,3.63,6.98,17.04,43.8,45.82,58.32,59.66,5.305,10.3159,12.01,19.698,25.39,31.5821,35.448,33.8699,40.9824,29.991,52.8474,35.2031,54.445,58.9766,,,
175,pid3,Demographics,categorical_dist,% Independent,Party identification (3-point),19.74,24.82,24.11,29.84,29.35,26.88,32.7,25.11,30.61,26.975,29.6775,29.595,25.218,28.36,27.5734,27.2172,27.6214,26.8908,30.8575,25.7771,31.4642,27.4629,27.805,,,
176,pid3,Demographics,categorical_dist,% Other,Party identification (3-point),5.55,7.8,2.08,2.32,4.69,1.59,5.88,3.46,7.19,2.2,3.1059,3.505,1.884,1.955,2.8663,2.9521,4.1885,3.9766,5.2255,2.7552,5.441,4.2102,5.2877,,,
177,pid3,Demographics,categorical_dist,% Not sure,Party identification (3-point),0.07,5.58,1.26,6.85,13.03,2.39,5.93,2.79,1.36,4.055,8.8993,9.94,1.712,4.62,4.9044,4.5987,8.8552,7.0908,9.835,2.6392,8.5492,3.7634,2.0893,,,
160,ideo5,Demographics,ordinal_dist,% Very Liberal,Ideological self-identification (1=Very Liberal … 5=Very Conservative),51.44,57.11,21.77,14,7.75,4.27,2.89,1.19,0.47,17.885,11.9275,10.875,14.77,9.135,7.8614,6.8969,5.0755,3.9452,5.563,2.3509,4.6829,1.717,0.8372,,,
161,ideo5,Demographics,ordinal_dist,% Liberal,Ideological self-identification (1=Very Liberal … 5=Very Conservative),35.97,30.06,41.02,34.17,18.1,9.4,3.55,3.13,0.52,37.595,28.8412,26.135,28.372,21.785,19.2956,16.9583,11.9967,9.4174,11.5525,5.4932,8.9175,3.2602,1.8511,,,
162,ideo5,Demographics,ordinal_dist,% Moderate,Ideological self-identification (1=Very Liberal … 5=Very Conservative),12.35,11.78,34.22,43.41,51.41,41.62,35.05,32.22,18.38,38.815,46.0628,47.41,37.18,42.515,38.0478,37.2051,43.5862,40.2798,44.048,35.7629,41.0852,33.0973,25.4384,,,
163,ideo5,Demographics,ordinal_dist,% Conservative,Ideological self-identification (1=Very Liberal … 5=Very Conservative),0.17,0.68,2.44,6.71,17.17,31.49,34.9,40.64,38.82,4.575,10.1785,11.94,14.06,19.1,22.9693,25.5242,26.7387,30.7826,25.1485,37.1914,28.3594,38.8606,39.7482,,,
164,ideo5,Demographics,ordinal_dist,% Very Conservative,Ideological self-identification (1=Very Liberal … 5=Very Conservative),0.07,0.38,0.55,1.7,5.56,13.23,23.62,22.82,41.82,1.125,2.98,3.63,5.622,7.465,11.8207,13.411,12.5969,15.5708,13.687,19.2055,16.9577,23.068,32.13,,,
54,CC24_440a,Racial & Gender,likert5_dist,% Strongly Agree,White people have certain advantages because of their race,80.99,76.8,56.4,40.08,32.29,16.06,9.43,6.85,0.86,48.24,37.4968,36.185,40.264,28.07,24.1562,21.654,21.9181,17.5348,22.003,10.3212,17.8631,7.6498,3.9149,,,
55,CC24_440a,Racial & Gender,likert5_dist,% Agree,White people have certain advantages because of their race,17.28,20.9,32.34,39.13,28.24,25.74,12.14,15.33,3.15,35.735,35.5189,33.685,29.7,32.435,27.725,25.9329,22.9766,20.7522,20.995,19.2535,18.0793,14.3411,9.3618,,,
56,CC24_440a,Racial & Gender,likert5_dist,% Neither,White people have certain advantages because of their race,1.16,1.75,7.43,13.42,24.58,23.84,22.3,26.64,16.73,10.425,17.1207,19,13.994,18.63,19.755,20.7505,25.4199,25.7748,23.554,25.5847,23.1411,25.2946,21.7841,,,
57,CC24_440a,Racial & Gender,likert5_dist,% Disagree,White people have certain advantages because of their race,0.19,0.47,1.89,4.28,6.54,13.13,14.97,19.96,17.66,3.085,5.0294,5.41,6.386,8.705,11.7939,12.9746,12.0113,14.3236,10.3335,17.3858,11.8602,18.4131,18.833,,,
58,CC24_440a,Racial & Gender,likert5_dist,% Strongly Disagree,White people have certain advantages because of their race,0.39,0.08,1.94,3.1,8.34,21.22,41.16,31.22,61.59,2.52,4.8376,5.72,9.652,12.16,16.5751,18.6925,17.6682,21.6104,23.109,27.451,29.0527,34.3014,46.1013,,,
60,CC24_440b,Racial & Gender,likert5_dist,% Strongly Agree,"Racial problems in the U.S. are rare, isolated situations",0,0,0.14,1.69,6.26,10.07,17.72,12.13,37.33,0.915,3.2054,3.975,4.112,5.88,6.6928,7.479,8.6532,9.6646,11.417,11.3536,13.4924,13.8629,24.478,,,
61,CC24_440b,Racial & Gender,likert5_dist,% Agree,"Racial problems in the U.S. are rare, isolated situations",0,0.04,1.89,7.11,12.49,24.28,27.56,28.98,37.28,4.5,8.894,9.8,10.846,15.695,17.5901,19.2369,19.213,22.0542,19.2715,27.2086,22.0007,28.5398,33.047,,,
62,CC24_440b,Racial & Gender,likert5_dist,% Neither,"Racial problems in the U.S. are rare, isolated situations",0.07,0.89,7.89,13.28,23.36,22.94,24.51,28.98,16.58,10.585,16.6225,18.32,13.91,18.11,18.9537,19.8453,24.0776,24.3808,23.8775,24.2984,24.0858,24.9309,20.9354,,,
63,CC24_440b,Racial & Gender,likert5_dist,% Disagree,"Racial problems in the U.S. are rare, isolated situations",22.07,22.36,38.83,40.09,29.57,26.84,17.6,23.28,7.23,39.46,36.6016,34.83,34.034,33.465,32.0346,30.7689,27.0056,25.9218,24.1835,24.6218,22.0157,21.5192,15.4155,,,
64,CC24_440b,Racial & Gender,likert5_dist,% Strongly Disagree,"Racial problems in the U.S. are rare, isolated situations",77.86,76.71,51.26,37.83,28.32,15.86,12.62,10.48,1.58,44.545,34.6765,33.075,37.1,26.845,24.7239,22.6644,21.0466,17.9728,21.255,12.5077,18.4117,11.1434,6.119,,,
66,CC24_440c,Racial & Gender,likert5_dist,% Strongly Agree,Women seek to gain power by getting control over men,0,0.07,0.76,2.19,7.74,9.59,14.85,8.44,18.68,1.475,4.0304,4.965,4.292,5.89,5.185,5.6556,8.0254,8.146,10.9395,8.8734,12.2271,10.4271,13.4576,,,
67,CC24_440c,Racial & Gender,likert5_dist,% Agree,Women seek to gain power by getting control over men,0.04,0.36,2.69,8.93,16.76,19.62,26.22,22.43,30.24,5.81,11.5264,12.845,9.462,14.275,15.3992,16.4157,19.0717,20.0486,21.017,21.3709,22.7302,23.6049,26.2569,,,
68,CC24_440c,Racial & Gender,likert5_dist,% Neither,Women seek to gain power by getting control over men,2.72,6.82,13.23,25.2,34.32,29.78,33.23,34.84,31.43,19.215,28.2242,29.76,19.85,27.49,29.8195,30.5454,34.532,34.6216,33.8295,32.9329,33.6321,34.3409,33.1691,,,
69,CC24_440c,Racial & Gender,likert5_dist,% Disagree,Women seek to gain power by getting control over men,10.76,13.36,20.37,22.25,17.54,19.83,13.17,19.53,10.51,21.31,20.6882,19.895,20.154,21.04,20.9466,20.7418,18.3513,18.6942,15.5735,19.6431,14.7821,17.5584,15.1102,,,
70,CC24_440c,Racial & Gender,likert5_dist,% Strongly Disagree,Women seek to gain power by getting control over men,86.48,79.39,62.94,41.43,23.64,21.18,12.52,14.76,9.14,52.185,35.5308,32.535,46.236,31.305,28.6497,26.6415,20.0196,18.4896,18.636,17.1797,16.6222,14.0656,12.0062,,,
72,CC24_440d,Racial & Gender,likert5_dist,% Strongly Agree,Women are too easily offended,0.08,0.28,1.56,3.43,10.4,14.7,22.69,17.09,33.5,2.495,5.7413,6.915,6.816,9.065,9.9759,11.0045,13.1275,14.2802,15.9305,16.1892,18.1562,18.826,25.1309,,,
73,CC24_440d,Racial & Gender,likert5_dist,% Agree,Women are too easily offended,0.77,3.51,7.62,14.04,22.34,28.29,32.76,34.93,35.69,10.83,16.7923,18.19,15.888,21.165,24.0505,25.6235,27.4729,29.6422,27.029,32.4274,28.9161,34.2573,35.3024,,,
74,CC24_440d,Racial & Gender,likert5_dist,% Neither,Women are too easily offended,6.66,7.46,15.79,23.74,31.05,25,27.48,27.89,22.8,19.765,26.164,27.395,19.474,24.37,25.7287,26.0412,29.7617,29.2172,29.4435,26.8008,28.797,27.7629,25.3959,,,
75,CC24_440d,Racial & Gender,likert5_dist,% Disagree,Women are too easily offended,14.21,15.34,22.43,23.82,17.34,16.79,9.15,13.42,5.12,23.125,21.6712,20.58,20.174,20.305,18.8363,18.0532,15.7418,15.0664,13.6545,14.6902,12.1713,12.0963,9.353,,,
76,CC24_440d,Racial & Gender,likert5_dist,% Strongly Disagree,Women are too easily offended,78.28,73.4,52.61,34.97,18.87,15.22,7.92,6.67,2.89,43.79,29.6312,26.92,37.654,25.095,21.4086,19.2776,13.8961,11.794,13.9425,9.8925,11.9595,7.0575,4.8178,,,
78,CC24_441a,Racial & Gender,likert5_dist,% Strongly Agree,Minorities should work their way up without special favors,0.69,0.5,5.13,7.78,18.16,35.88,45.72,45.52,65.64,6.455,11.222,12.97,17.43,21.83,25.865,28.7068,29.3147,34.0288,30.562,41.8867,35.5531,45.582,55.3788,,,
79,CC24_441a,Racial & Gender,likert5_dist,% Agree,Minorities should work their way up without special favors,1.56,2.93,10.36,15.63,20.46,27.98,25.41,31.17,21.94,12.995,17.2316,18.045,17.408,21.805,23.0768,24.2469,24.8265,26.6718,22.6875,29.9677,23.5839,29.3844,26.6473,,,
80,CC24_441a,Racial & Gender,likert5_dist,% Neither,Minorities should work their way up without special favors,4.59,9.56,16.62,26.83,32.69,20.83,20.85,17.97,10.95,21.725,28.7732,29.76,18.304,23.83,22.5843,21.9171,26.6887,24.1524,27.362,19.0479,25.2178,18.8628,14.5302,,,
81,CC24_441a,Racial & Gender,likert5_dist,% Disagree,Minorities should work their way up without special favors,19.98,21.38,30.65,24.99,12.42,8.38,3.29,3.38,0.82,27.82,20.8218,18.705,21.742,16.685,14.6345,13.0073,8.7344,7.1768,8.3115,5.2645,6.6581,3.3521,2.1256,,,
82,CC24_441a,Racial & Gender,likert5_dist,% Strongly Disagree,Minorities should work their way up without special favors,73.19,65.63,37.24,24.77,16.27,6.93,4.73,1.96,0.65,31.005,21.9514,20.52,25.116,15.85,13.8394,12.1219,10.4358,7.9702,11.077,3.8332,8.9871,2.8187,1.3181,,,
84,CC24_441b,Racial & Gender,likert5_dist,% Strongly Agree,Slavery/discrimination makes it hard for Blacks to rise,78.77,72.59,47.43,33.08,24.54,14.11,7.47,4.68,0.82,40.255,30.2481,28.81,34.102,23.595,19.4707,17.3322,16.4431,13.0212,16.8585,8.2342,13.7671,5.5449,2.7886,,,
85,CC24_441b,Racial & Gender,likert5_dist,% Agree,Slavery/discrimination makes it hard for Blacks to rise,18.88,22.56,35.24,36.06,25.76,22.93,12.38,12.69,3.42,35.65,32.6445,30.91,30.316,29.495,24.8611,23.1013,20.4314,18.1794,19.739,16.5495,17.3159,12.5939,8.1477,,,
86,CC24_441b,Racial & Gender,likert5_dist,% Neither,Slavery/discrimination makes it hard for Blacks to rise,1.23,3.15,7.86,16.43,26.75,17.3,21.33,17.7,9.14,12.145,19.8521,21.59,11.636,16.865,17.0386,17.1342,23.0603,21.501,24.311,17.5492,23.3294,18.8253,13.5056,,,
87,CC24_441b,Racial & Gender,likert5_dist,% Disagree,Slavery/discrimination makes it hard for Blacks to rise,0.72,0.65,5.93,9.04,12.3,20.33,18.95,26.66,21.27,7.485,10.121,10.67,11.69,14.685,17.4835,18.8103,18.1546,20.6288,15.2925,24.2742,16.4968,24.2699,24.0189,,,
88,CC24_441b,Racial & Gender,likert5_dist,% Strongly Disagree,Slavery/discrimination makes it hard for Blacks to rise,0.39,1.05,3.54,5.39,10.65,25.32,39.87,38.27,65.36,4.465,7.1342,8.02,12.252,15.355,21.1461,23.622,21.9107,26.6696,23.799,33.3891,29.0907,38.766,51.5441,,,
6,CC24_302,Taxes & Economy,ordinal_dist,% Increased a lot,Household income change past year (1=Increased a lot … 5=Decreased a lot),5.36,2.86,4.88,4,3.28,5.87,1.78,1.16,1.13,4.44,3.7612,3.64,5.276,4.935,2.6391,2.4252,2.4157,2.0504,2.605,2.9352,2.3334,1.3522,1.1453,,,
7,CC24_302,Taxes & Economy,ordinal_dist,% Increased somewhat,Household income change past year (1=Increased a lot … 5=Decreased a lot),34.76,25.17,35.05,25.75,19.94,18.05,11.67,12.07,6.44,30.4,23.8234,22.845,28.25,21.9,19.1945,18.1644,16.7314,15.3754,16.2185,14.3239,14.7208,11.946,9.3113,,,
8,CC24_302,Taxes & Economy,ordinal_dist,% Stayed same,Household income change past year (1=Increased a lot … 5=Decreased a lot),46.05,47.13,50.05,49.56,46.94,51.67,46.53,55.02,48.85,49.805,48.6912,48.25,50.698,50.615,52.1764,52.5876,50.2342,51.6264,46.7555,53.7574,46.6812,52.3881,51.9967,,,
9,CC24_302,Taxes & Economy,ordinal_dist,% Decreased somewhat,Household income change past year (1=Increased a lot … 5=Decreased a lot),7.95,15.19,6.66,12.71,16.75,16.01,22.02,20.37,23.69,9.685,14.0497,14.73,10.4,14.36,16.3807,16.9575,18.2259,18.8496,19.1215,18.7267,20.0759,20.8815,21.9968,,,
10,CC24_302,Taxes & Economy,ordinal_dist,% Decreased a lot,Household income change past year (1=Increased a lot … 5=Decreased a lot),5.87,9.65,3.36,7.97,13.08,8.4,17.99,11.38,19.89,5.665,9.6645,10.525,5.376,8.185,9.6041,9.8608,12.3869,12.094,15.2895,10.2568,16.1787,13.4291,15.5499,,,
12,CC24_303,Taxes & Economy,ordinal_dist,% Increased a lot,Price change past year (1=Increased a lot … 5=Decreased a lot),23.8,43.18,26.98,39.69,49.52,57.96,72.54,73.98,83.63,33.335,42.9496,44.605,39.372,48.825,56.1218,58.7038,59.4923,63.7068,59.879,67.9421,64.0479,73.5336,78.7085,,,
13,CC24_303,Taxes & Economy,ordinal_dist,% Increased somewhat,Price change past year (1=Increased a lot … 5=Decreased a lot),50.51,41.16,50.71,43,32.64,32.47,20.48,21.37,14.18,46.855,39.5646,37.82,43.414,37.735,32.6349,31.0062,28.0452,26.1034,27.168,25.5536,24.9658,21.0941,17.8469,,,
14,CC24_303,Taxes & Economy,ordinal_dist,% Stayed same,Price change past year (1=Increased a lot … 5=Decreased a lot),18.3,11.89,15.35,12.34,13.08,8.19,4.14,3.18,1.77,13.845,12.5854,12.71,12.486,10.265,7.9505,7.2608,9.0438,7.338,9.057,5.0683,7.438,3.4776,2.4891,,,
15,CC24_303,Taxes & Economy,ordinal_dist,% Decreased somewhat,Price change past year (1=Increased a lot … 5=Decreased a lot),7.06,3.66,6.79,4.75,3.49,0.89,1.58,1.06,0.1,5.77,4.3322,4.12,4.43,2.82,2.9818,2.7039,2.4993,2.0806,2.6305,0.9959,2.2846,1.2212,0.5896,,,
16,CC24_303,Taxes & Economy,ordinal_dist,% Decreased a lot,Price change past year (1=Increased a lot … 5=Decreased a lot),0.34,0.1,0.17,0.22,1.27,0.5,1.26,0.41,0.32,0.195,0.5682,0.745,0.302,0.36,0.311,0.3254,0.9194,0.7712,1.2655,0.4439,1.2637,0.6735,0.3659,,,
166,CC24_330a,Demographics,ordinal_dist,% Very Liberal,Ideology self-placement 7-pt (1=Very Liberal … 7=Very Conservative),46.84,51.6,19.88,12.02,7.25,4.53,2.13,1.34,0.09,15.95,10.4383,9.635,13.74,8.275,6.9021,6.0979,4.8405,3.8222,4.946,2.5423,4.0188,1.5849,0.7275,,,
167,CC24_330a,Demographics,ordinal_dist,% Liberal,Ideology self-placement 7-pt (1=Very Liberal … 7=Very Conservative),33.38,28.05,32.28,25.7,12.61,6.69,2.48,1.76,0.41,28.99,21.3594,19.155,22.044,16.195,14.228,12.4253,8.1865,6.317,8.0515,3.6181,6.217,1.9832,1.0985,,,
168,CC24_330a,Demographics,ordinal_dist,% Somewhat Liberal,Ideology self-placement 7-pt (1=Very Liberal … 7=Very Conservative),11.85,10.6,21.18,18.72,11.68,7.06,3.2,2.83,0.28,19.95,16.3855,15.2,15.532,12.89,11.1055,9.909,8.0719,6.547,7.864,4.4243,6.3283,2.9447,1.5805,,,
169,CC24_330a,Demographics,ordinal_dist,% Moderate,Ideology self-placement 7-pt (1=Very Liberal … 7=Very Conservative),7.48,9.32,22.15,32.97,41.28,30.67,26.82,23.33,10.58,27.56,35.7256,37.125,25.558,31.82,28.3505,27.6246,33.9618,30.869,34.773,26.0964,32.1543,24.4119,17.0825,,,
170,CC24_330a,Demographics,ordinal_dist,% Somewhat Conservative,Ideology self-placement 7-pt (1=Very Liberal … 7=Very Conservative),0.31,0.22,2.44,5.52,11.13,14.91,16.61,15.62,13.08,3.98,7.3803,8.325,7.428,10.215,10.3599,11.1204,12.9606,13.7342,13.596,15.3524,14.5884,15.9269,14.3754,,,
171,CC24_330a,Demographics,ordinal_dist,% Conservative,Ideology self-placement 7-pt (1=Very Liberal … 7=Very Conservative),0.09,0.21,1.38,3.44,10.69,24.47,26.45,33.79,36.2,2.41,5.8441,7.065,10.616,13.955,17.9837,20.2691,20.1079,24.088,17.782,30.2773,20.6361,31.5146,34.9709,,,
172,CC24_330a,Demographics,ordinal_dist,% Very Conservative,Ideology self-placement 7-pt (1=Very Liberal … 7=Very Conservative),0.05,0,0.69,1.62,5.36,11.67,22.31,21.33,39.35,1.155,2.8602,3.49,5.082,6.645,11.065,12.5492,11.871,14.6226,12.9875,17.6891,16.0571,21.6338,30.1598,,,